Name,Id,EnName,IsActive,Color,PartyType,PartyOrdinal,PartyGroup,Description,EstablishedDate,DissolvedDate,Speaker,FirstDeputySpeaker,SecondDeputySpeaker,Whip,OppositionLeader,PartyLeader,PartySecretary,Website,Facebook,Twitter,Images,Party
สภาผู้แทนราษฎร,1,House of Representatives,true,,สส,25,,ส่วนหนึ่งของฝ่ายนิติบัญญัติ ที่มาจากการเลือกตั้งทั่วไป พ.ศ. 2562 ประกอบด้วยสมาชิก (ส.ส.) 500 คนตามระบบจัดสรรปันส่วนผสม โดย 350 คนเป็นผู้แทนเขต และอีก 150 คนมาจากระบบบัญชีรายชื่อ ฝ่ายรัฐบาลเป็นรัฐบาลผสมพรรคพลังประชารัฐ,2019-03-24,,นาย ชวน หลีกภัย,นาย สุชาติ ตันเจริญ,นาย ศุภชัย โพธิ์สุ,นาย นิโรธ สุนทรเลขา,นาย ชลน่าน ศรีแก้ว,,,https://www.parliament.go.th,https://www.facebook.com/thaiparliament,,,
วุฒิสภา,2,Senate,true,,สว,12,,ส่วนหนึ่งของฝ่ายนิติบัญญัติ มีสมาชิก (ส.ว.) 250 คนที่ไม่ได้มาจากการเลือกตั้ง โดย 244 คนมาจากการสรรหา และอีก 6 คนเป็นสมาชิกโดยตำแหน่ง มีอำนาจเพิ่มเติมตามบทเฉพาะกาลของรัฐธรรมนูญให้ร่วมเลือกนายกรัฐมนตรีและเร่งรัดการปฏิรูปประเทศของคณะรัฐมนตรีตลอดจนพิจารณากฎหมายที่เห็นว่าเกี่ยวข้อง,2019-05-28,,ศาสตราจารย์พิเศษ พรเพชร วิชิตชลชัย,พลเอก สิงห์ศึก สิงห์ไพร,นาย ศุภชัย สมเจริญ,,,,,https://www.senate.go.th,https://www.facebook.com/SenateThailand,,senate.jpg(https://sheets.wevis.info/download/noco/They-Work-For-Us/Parties/Images/48JaSVe38lyzq_lsBN.jpg),
คณะรัฐมนตรี,3,Cabinet,true,,ครม,62,,คณะบุคคลที่ทำหน้าที่บริหารราชการแผ่นดิน โดย ครม. ชุดนี้ เกิดจากการนำของพรรคพลังประชารัฐ ร่วมกับพรรคการเมืองอีก 19 พรรคเสนอชื่อพลเอก ประยุทธ์ จันทร์โอชา ซึ่งเคยดำรงตำแหน่งนายกฯ และหัวหน้าคสช. มาเป็นเวลา 5 ปี เป็นนายกรัฐมนตรีต่ออีกสมัย ทำให้ ครม. ชุดนี้มีอีกชื่อเรียกว่าคณะรัฐมนตรีประยุทธ์ 2,2019-07-10,,,,,,,,,https://www.thaigov.go.th,https://www.facebook.com/ThaigovSpokesman,,,
ครูไทยเพื่อประชาชน,4,Thai Teacher for People,true,#025032,พรรค,,ร่วมรัฐบาล,จัดตั้งขึ้นเพื่อนำเสนอแนวนโยบายหลักในการปลดหนี้สินครู และกองทุนเงินให้กู้ยืมเพื่อการศึกษา,2011-06-28,,,,,,,นาย ปรีดา บุญเพลิง,นาย ชัยพร ธนถาวรกิจ,,https://www.facebook.com/thaiteachersforpeopleparty/,,%E0%B8%84%E0%B8%A3%E0%B8%B9%E0%B9%84%E0%B8%97%E0%B8%A2%E0%B9%80%E0%B8%9E%E0%B8%B7%E0%B9%88%E0%B8%AD%E0%B8%9B%E0%B8%A3%E0%B8%B0%E0%B8%8A%E0%B8%B2%E0%B8%8A%E0%B8%99.jpg(https://sheets.wevis.info/download/noco/They-Work-For-Us/Parties/Images/%E0%B8%84%E0%B8%A3%E0%B8%B9%E0%B9%84%E0%B8%97%E0%B8%A2%E0%B9%80%E0%B8%9E%E0%B8%B7%E0%B9%88%E0%B8%AD%E0%B8%9B%E0%B8%A3%E0%B8%B0%E0%B8%8A%E0%B8%B2%E0%B8%8A%E0%B8%99.jpg),"ครูบรรจุใหม่ ทดลองงาน 6 เดือน ขอย้ายได้ทันที, ผู้สูงวัย 60 ปีขึ้นไป รับ 1,500 บาท/เดือน, เพิ่มค่าครองชีพให้บุคลากรของรัฐ และข้าราชการบำนาญ, นักเรียน นิสิต นักศึกษาฝึกงาน มีค่าตอบแทน, ปฏิวัติการศึกษาไทยยุคใหม่, นักเรียนต้องได้รับอาหารเช้า - กลางวันฟรี อย่างมีคุณภาพ, ทรัพยากรธรรมชาติ ต้องเป็นสมบัติของประชาชนอย่างแท้จริง, ปราบปราม ต่อต้านการทุจริต คอรัปชั่น และยาเสพติด ทุกรูปแบบ"
ชาติไทยพัฒนา,5,Chartthaipattana,true,#FF5BD1,พรรค,,ร่วมรัฐบาล,จัดตั้งขึ้นเพื่อรองรับ ส.ส. จากพรรคชาติไทย ซึ่งถูกยุบพรรคในปี 2551 มีฐานเสียงหลักอยู่ที่จังหวัดสุพรรณบุรี,2008-04-18,,,,,,,นาย วราวุธ ศิลปอาชา,นาย ประภัตร โพธสุธน,http://www.chartthaipattana.or.th,https://www.facebook.com/pg/ChartthaipattanaParty,https://twitter.com/ChartthaiPT,%E0%B8%8A%E0%B8%B2%E0%B8%95%E0%B8%B4%E0%B9%84%E0%B8%97%E0%B8%A2%E0%B8%9E%E0%B8%B1%E0%B8%92%E0%B8%99%E0%B8%B2.jpg(https://sheets.wevis.info/download/noco/They-Work-For-Us/Parties/Images/%E0%B8%8A%E0%B8%B2%E0%B8%95%E0%B8%B4%E0%B9%84%E0%B8%97%E0%B8%A2%E0%B8%9E%E0%B8%B1%E0%B8%92%E0%B8%99%E0%B8%B2.jpg),"สุขภาพดีมีเงินคืน 3,000 บาท-สวัสดิการอัปเกรดได้, ระบบบาดาลขนาดใหญ่ทุกตำบล น้ำสะอาดทุกหมู่บ้าน, แจกพันธุ์ข้าวฟรีทั่วประเทศ 60 ล้านไร่, เรียนในสิ่งที่ใช่ ใช้ในสิ่งที่เรียน, เกษตรรุ่นใหม่ ขายคาร์บอนเครดิตได้, ขยายเขตไฟฟ้าการเกษตรทั่วประเทศหน่วยละ 2 บาท, สร้างงานสร้างรายได้แก่ผู้สูงอายุ-เบี้ยคนพิการเดือนละ 3,000 บาท, ส่งเสริมแนวทางเกษตรทฤษฎีใหม่, สนับสนุนองค์กรภาคการเกษตร และสหกรณ์, ปรับโครงสร้างภาพการเกษตร, ส่งเสริมเกษตรกรให้เข้มแข็ง, เพิ่มประสิทธิภาพของการจัดการภาคการเกษตรแบบครบวงจร, ดำรงความเป็นแหล่งผลิตอาหารที่มั่นคง และปลอดภัย, ยึดถือหลักปรัชญาเศรษฐกิจพอเพียง, รักษาเสถียรภาพการเงิน, รักษาวินัยการคลัง, ส่งเสริมการพัฒนาการท่องเที่ยวเพื่อเพิ่มรายได้, ปรับปรุงโครงสร้างอุตสาหกรรม, สนับสนุนวิสาหกิจขนาดกลางและขนาดย่อม, บริหารจัดการการส่งออกแบบครบวงจร, กระจายอำนาจรัฐสู่ท้องถิ่นอย่างจริงจัง, ส่งเสริมการพัฒนาด้านเทคโนโลยี, ให้ความสำคัญกับผู้รับการศึกษา, พัฒนาคุณภาพครูและบุคลากรทางการศึกษา, ส่งเสริมหลักสูตรบูรณาการ, เพิ่่มศักยภาพการบริหารการศึกษา, เสริมสร้างความสัมพันธ์กับประเทศในภูมิภาค, ยกระดับความร่วมมือกับนานาประเทศ, เพิ่มศักยภาพด้านเศรษฐกิจระหว่างประเทศ, เพิ่มบทบาท และสร้างความสำคัญในองค์กรระหว่างประเทศ, คุ้มครอง อนุรักษ์ ฟื้นฟู และพัฒนา, บริหารจัดการอย่างมีประสิทธิภาพ, ควบคุม และแก้ปัญหามลพิษ, วิจัย และพัฒนาองค์ความรู้เพื่อความยั่งยืน, พัฒนาคุณภาพการผลิตพลังงาน และแสวงหาพลังงานทดแทนจากทรัพยากรธรรมชาติ, ปลูกจิตสำนึกในการอนุรักษ์, ธำรงรักษาไว้ซึ่งสถาบันหลักของชาติ, ยึดถือรัฐธรรมนูญ และการปฏิบัติตามกฎหมายอย่างเป็นธรรม, เสริมสร้างโอกาสประชาชนให้มีส่วนร่วมทางการเมือง, ปฏิรูปและพัฒนาองค์กรทางการเมืองให้เข้มแข็ง, บริการราชการแผ่นดินที่มีประสิทธิภาพอย่างมีธรรมาภิบาล, ส่งเสริมการพัฒนาด้านวิทยาศาสตร์, ส่งเสริมพัฒนาด้านวิทยาศาสตร์, ส่งเสริมพัฒนาด้านเทคโนโลยี, สร้างสถาบันครอบครัวให้มีความอบอุ่น, สร้างสวัสดิภาพเด็กสตรี ผู้มีความหลากหลายทางเพศผู้สูงอายุผู้พิการและผู้ด้อยโอกาส, ยกระดับคุณภาพชีวิตของประชาชน, พัฒนาฝีมือแรงงานและคุ้มครองสวัสดิภาพของผู้ใช้แรงงาน, บริการสาธารณสุขอย่างทั่วถึง, พัฒนายกระดับความปลอดภัยสาธารณะ"
ไทยศรีวิไลย์,7,Thai Civilized,true,#3680C2,พรรค,,ฝ่ายค้าน,พรรคภายใต้การนำของนาย มงคลกิตติ์ สุขสินธารานนท์ เลขาธิการภาคีเครือข่ายต่อต้านการทุจริตคอร์รัปชั่นแห่งชาติ หลังการเลือกตั้งปี 62 ได้เข้าเป็นพรรคร่วมรัฐบาลระยะหนึ่ง ก่อนประกาศถอนตัวและขอเป็นฝ่ายค้านอิสระ,2018-10-24,,,,,,,นาย มงคลกิตติ์ สุขสินธารานนท์,นาย ศยุน ชัยปัญญา,,https://www.facebook.com/THAICIVILIZEDPARTY/,,%E0%B9%84%E0%B8%97%E0%B8%A2%E0%B8%A8%E0%B8%A3%E0%B8%B5%E0%B8%A7%E0%B8%B4%E0%B9%84%E0%B8%A5%E0%B8%A2%E0%B9%8C.jpg(https://sheets.wevis.info/download/noco/They-Work-For-Us/Parties/Images/%E0%B9%84%E0%B8%97%E0%B8%A2%E0%B8%A8%E0%B8%A3%E0%B8%B5%E0%B8%A7%E0%B8%B4%E0%B9%84%E0%B8%A5%E0%B8%A2%E0%B9%8C.jpg),"กัญชาใช้เฉพาะการแพทย์เท่านั้น, แก้ปัญหาผูกขาดทุนใหญ่, กองทุนแห่งชาติ, ขุดคลองไทยเชื่อม 2 มหาสมุทร, ขุดคลองผันน้ำรอบภูเขาทุกตำบล, งดจ่ายค่าบำรุงการศึกษา อนุบาล-ประถม-มัธยม-ปวช เรียนฟรี, เงินผดุงเกียรติทหารผ่านศึก, เงินภาษีจากบ่อน, เงินภาษีจากหวยใต้ดินถูกกฏหมาย, เงินสำหรับอสม-อปพร 3,000 บาท/เดือน, ตั้งกองทุนให้สหกรณ์การเกษตร, ตั้งธนาคารแรงงานเพื่อผู้ประกันตน มาตรา 33 , 39 , 40, ทำประกันทุกชีวิตประชาชน 5 แสนบาทต่อคน, บัตรคนจน 3,000 บาท/เดือน, เบี้ยคนพิการ 3,000 บาท/เดือน, เบี้ยผู้สูงอายุ 5,000 บาท/เดือน, ปฏิรูปตำรวจและระบบยุติธรรม, เปิดคาสิโนระดับ VVIP, ยกเลิกรายได้ส่วนแบ่งค่าปรับจราจร, รวมหนี้ปรับโครงสร้าง ดอกเบี้ย ไม่เกิน 2.5 %, เรียนฟรีอนุบาล-ประถมศึกษา-มัธยม-ปวช-ปวส, ลดเก็บภาษีค่าน้ำมันเบนซีน-ดีเซล, ลดค่าน้ำมันเบนซิล-ดีเซล 25 บาท/ลิตร, ลดค่าไฟฟ้า 4 บาท/หน่วย, ลดราคาแก๊สหุงต้มถัง 15 ก.ก. 250 บาท/ถัง, หวยใต้ดินถูกกฎหมายหาเงินเข้ารัฐปีละ 8 แสนล้านบาท, อัดฉีดเงินฟื้นเศรษฐกิจ ให้กู้ 22 ล้านครัวเรือนๆ ละ 150,000 บาท, อัดฉีดปล่อยกู้ครัวเรือน 150,000 บาท"
ไทรักธรรม,8,Tairaktham,false,#e43ba2,พรรค,,ร่วมรัฐบาล,มีชื่อเดิมว่า 'พรรคไทยรักธรรม' ในการเลือกตั้งปี 62 ได้รับเลือกตั้ง ส.ส.แบบบัญชีรายชื่อ 1 คน แต่ต่อมา กกต. ประกาศให้พ้นจากสภาพ ส.ส. เนื่องจากมีการเลือกตั้งซ่อมในจังหวัดเชียงใหม่ เขต 8 ส่งผลให้มีการคำนวณคะแนนใหม่,2013-08-16,2022-10-19,,,,,,นาย พีระวิทย์ เรื่องลือดลภาค,นาย จตุรวิทย์ กาละมิตร์,,https://www.facebook.com/Thairaktham/,,%E0%B9%84%E0%B8%97%E0%B8%A3%E0%B8%B1%E0%B8%81%E0%B8%98%E0%B8%A3%E0%B8%A3%E0%B8%A1.jpg(https://sheets.wevis.info/download/noco/They-Work-For-Us/Parties/Images/%E0%B9%84%E0%B8%97%E0%B8%A3%E0%B8%B1%E0%B8%81%E0%B8%98%E0%B8%A3%E0%B8%A3%E0%B8%A1.jpg),
ประชาชาติ,9,Prachachart,true,#A56F05,พรรค,,ฝ่ายค้าน,เป็นจากการรวมตัวกันของกลุ่มบุคคลที่มีความหลากหลาย โดยเน้นการทำงานทางการเมืองเพื่อสร้างชาติที่เป็นสังคมพหุวัฒนธรรม โดย 6 ที่นั่งของ ส.ส. เขตที่ได้รับเลือกในการเลือกตั้งปี 62 เป็นเขตเลือกตั้งในพื้นที่สามจังหวัดชายแดนภาคใต้ทั้งหมด,2018-10-31,,,,,,,นาย วันมูหะมัดนอร์ มะทา,พ.ต.อ. ทวี สอดส่อง,https://prachachat.org,https://www.facebook.com/PrachachatPeopleNation,,%E0%B8%9B%E0%B8%A3%E0%B8%B0%E0%B8%8A%E0%B8%B2%E0%B8%8A%E0%B8%B2%E0%B8%95%E0%B8%B4.jpg(https://sheets.wevis.info/download/noco/They-Work-For-Us/Parties/Images/%E0%B8%9B%E0%B8%A3%E0%B8%B0%E0%B8%8A%E0%B8%B2%E0%B8%8A%E0%B8%B2%E0%B8%95%E0%B8%B4.jpg),"แก้ปัญหายาเสพติด, เรียนฟรี, ล้างหนี้ให้กับลูกหนี้ กยศ., สิทธิการลาคลอดบุตร, ยกเลิกรัฐรวมศูนย์ ยกเลิกการบริหารราชการส่วนภูมิภาค, เด็กถ้วนหน้า, บำนาญผู้สูงอายุ 3,000 บาทถ้วนหน้า, ความเป็นธรรมในการถือครองที่ดิน, ปราบปรามคอรัปชั่น, เปลี่ยนจังหวัดชายแดนภาคใต้ให้มีเสรีภาพ, แก้รัฐธรรมนูญ, การกระจายอำนาจในท้องถิ่น, ให้ภาษามลายูเป็นภาษาราชการในชายแดนใต้, กำหนดรายได้ขั้นต่ำไม่ควรต่ำกว่า 700 บาท/วัน, ปฏิรูปที่ดิน, แก้กฎหมายป่าไม้และที่ดิน, จัดตั้งรัฐบาลกับพรรคการเมืองที่มีเสียงรวมกันเกินกึ่งหนึ่งของสภาฯ, บูรณาการนโยบายที่แต่ละพรรคใช้หาเสียง, จัดประชามติทำรัฐธรรมนูญฉบับใหม่, สนับสนุนการพูดคุยสันติภาพในชายแดนใต้, กระจายอำนาจสู่ท้องถิ่น, ส่งเสริมสิทธิมนุษยชนและการรวมกลุ่มของประชาชน, กำกับดูแลการใช้อำนาจในทางมิชอบ, สนับสนุนความเท่าเทียมทางเพศ"
ประชาธรรมไทย,10,Thai People Justice,false,#D30009,พรรค,,ร่วมรัฐบาล,"พรรคภายใต้การนำของนาย พิเชษฐ สถิรชวาล อดีต รมต. คมนาคม, รมช. อุตสาหกรรม, และผอ. ขสมก. หลังการเลือกตั้งปี 62 ได้เข้าเป็นพรรคร่วมรัฐบาลระยะหนึ่ง ก่อนประกาศถอนตัวและขอเป็นฝ่ายค้านอิสระ",2018-11-02,2021-11-18,,,,,,นาย พิเชษฐ สถิรชวาล,,http://www.prachatumthai.com,https://www.facebook.com/THPJ.Party/,,%E0%B8%9B%E0%B8%A3%E0%B8%B0%E0%B8%8A%E0%B8%B2%E0%B8%98%E0%B8%A3%E0%B8%A3%E0%B8%A1%E0%B9%84%E0%B8%97%E0%B8%A2.jpg(https://sheets.wevis.info/download/noco/They-Work-For-Us/Parties/Images/%E0%B8%9B%E0%B8%A3%E0%B8%B0%E0%B8%8A%E0%B8%B2%E0%B8%98%E0%B8%A3%E0%B8%A3%E0%B8%A1%E0%B9%84%E0%B8%97%E0%B8%A2.jpg),
ประชาธิปไตยใหม่,11,New Democracy,true,#F33937,พรรค,,ร่วมรัฐบาล,เคยทำงานเป็นพรรคร่วมรัฐบาลยิ่งลักษณ์ในปี 54 ประกาศจุดยืนว่าเป็นเป็นพรรคสวัสดิการสังคมที่มีกษัตริย์เป็นประมุข,2011-04-21,,,,,,,นาย สุรทิน พิจารณ์,,,https://www.facebook.com/profile.php?id=100087374330256,,%E0%B8%9B%E0%B8%A3%E0%B8%B0%E0%B8%8A%E0%B8%B2%E0%B8%98%E0%B8%B4%E0%B8%9B%E0%B9%84%E0%B8%95%E0%B8%A2%E0%B9%83%E0%B8%AB%E0%B8%A1%E0%B9%88.jpg(https://sheets.wevis.info/download/noco/They-Work-For-Us/Parties/Images/%E0%B8%9B%E0%B8%A3%E0%B8%B0%E0%B8%8A%E0%B8%B2%E0%B8%98%E0%B8%B4%E0%B8%9B%E0%B9%84%E0%B8%95%E0%B8%A2%E0%B9%83%E0%B8%AB%E0%B8%A1%E0%B9%88.jpg),"มีน้ำใช้ใช้ตลอด โดยทำโซล่าเซลล์, ตั้งโรงพยาบาลรักษาหนี้, บัตรประชาชน 1 บัตร ประกันทุกชั้นคดี 60,000 บาท, ตั้งกระทรวงน้ำและดิน, ตั้งผู้ชำนาญการวัฒนธรรมประจำหมู่บ้าน, เลือกตั้งผู้ว่าทุกจังหวัด, ขยายกรุงเทพฯ"
ประชาธิปัตย์,12,Democrat,true,#6DD3FF,พรรค,,ร่วมรัฐบาล,พรรคการเมืองที่เก่าแก่ที่สุดที่ยังดำเนินการอยู่ของไทย จัดตั้งขึ้นก่อนที่จะมีพระราชบัญญัติพรรคการเมือง เคยมีฐานเสียงสำคัญอยู่ในภาคใต้ ปัจจุบันมีอุดมการณ์แบบประชาธิปไตยเสรีนิยม และมีจุดยืนต่อต้านระบอบทักษิณ,1946-04-06,,,,,,,นาย จุรินทร์ ลักษณวิศิษฏ์,นาย เฉลิมชัย ศรีอ่อน,https://www.democrat.or.th/home,https://www.facebook.com/DemocratPartyTH/,http://twitter.com/democratTH,%E0%B8%9B%E0%B8%A3%E0%B8%B0%E0%B8%8A%E0%B8%B2%E0%B8%98%E0%B8%B4%E0%B8%9B%E0%B8%B1%E0%B8%95%E0%B8%A2%E0%B9%8C.jpg(https://sheets.wevis.info/download/noco/They-Work-For-Us/Parties/Images/%E0%B8%9B%E0%B8%A3%E0%B8%B0%E0%B8%8A%E0%B8%B2%E0%B8%98%E0%B8%B4%E0%B8%9B%E0%B8%B1%E0%B8%95%E0%B8%A2%E0%B9%8C.jpg),"ประมงท้องถิ่นรับ 100,000 บาททุกปี, ธนาคารหมู่บ้าน-ชุมชน แห่งละ 2 ล้านบาท, ออกโฉนดที่ดิน 1 ล้านแปลงภายใน 4 ปี, ออกกรรมสิทธิ์ทำกินให้ผู้ทำกินในที่ดินของรัฐ, ปลดล็อคประมงพาณิชย์ภายใต้ IUU, ชมรมผู้สูงอายุรับ 30,000 บาท ทุกหมู่บ้าน-ชุมชน, ปลดล็อค กบข. กองทุกเลี้ยงชีพให้ซื้อบ้านได้, ประกันรายได้ จ่ายเงินส่วนต่าง, ชาวนารับ 30,000 บาทต่อครัวเรือน, อินเตอร์เน็ตฟรี 1 ล้านจุด ทุกหมู่บ้าน ทุกห้องเรียน, เรียนฟรีถึงปริญญาตรี สาขาที่ตลาดต้องการ, ฟรีนมโรงเรียน 365 วัน, ตรวจสุขภาพฟรี รักษาฟรี ใช้บัตรประชาชนใบเดียว, SME ต้องมีแต้มต่อ 3 แสนล้าน, 3 ล้านบาทต่อยอดเกษตรแปลงใหญ่, ค่าตอบแทน อกม. 1,000 บาท/เดือน, ผลักดันกฎหมายอากาศสะอาด, จัดตั้งรัฐบาลกับพรรคการเมืองที่มีเสียงรวมกันเกินกึ่งหนึ่งของสภาฯ, บูรณาการนโยบายที่แต่ละพรรคใช้หาเสียง, จัดประชามติทำรัฐธรรมนูญฉบับใหม่, สนับสนุนการพูดคุยสันติภาพในชายแดนใต้, กระจายอำนาจสู่ท้องถิ่น, ส่งเสริมสิทธิมนุษยชนและการรวมกลุ่มของประชาชน, กำกับดูแลการใช้อำนาจในทางมิชอบ, สนับสนุนความเท่าเทียมทางเพศ"
ประชานิยม,13,Prachaniyom,false,#F21E29,พรรค,,ร่วมรัฐบาล,จัดตั้งโดยอดีตผู้ช่วยผู้บัญชาการตำรวจแห่งชาติ ในช่วงแรก ถูกมองว่าเป็นพรรคการเมืองที่เป็นนอมินีของพรรคเพื่อไทย แต่หัวหน้าพรรคได้ออกมาปฏิเสธพร้อมกับกล่าวว่านโยบายของพรรคตรงกับนโยบายของรัฐบาล,2018-11-07,2020-07-14,,,,,,พล.ต.อ. ยงยุทธ เทพจำนงค์,พล.ต.ต. วรยุทธ อินทรสุวรรณ,,https://www.facebook.com/prashaniyomparty/,,%E0%B8%9B%E0%B8%A3%E0%B8%B0%E0%B8%8A%E0%B8%B2%E0%B8%99%E0%B8%B4%E0%B8%A2%E0%B8%A1.jpg(https://sheets.wevis.info/download/noco/They-Work-For-Us/Parties/Images/%E0%B8%9B%E0%B8%A3%E0%B8%B0%E0%B8%8A%E0%B8%B2%E0%B8%99%E0%B8%B4%E0%B8%A2%E0%B8%A1.jpg),
ประชาภิวัฒน์,14,People Progressive,true,#005847,พรรค,,ร่วมรัฐบาล,พรรคภายใต้การนำของนาย สมเกียรติ ศรลัมพ์ ศิษย์วัดธรรมกาย มีฐานเสียงจากพื้นที่อำเภอหันคา จังหวัดชัยนาท และมวลชนธรรมกาย ชูนโยบายขับเคลื่อนประเทศด้วยศาสนา,2018-08-10,,,,,,,นาย สมเกียรติ ศรลัมพ์,นาง นันทนา สงฆ์ประชา,https://www.prachapiwat.com/,https://www.facebook.com/love.at.first.sight.prachapiwat/,,%E0%B8%9B%E0%B8%A3%E0%B8%B0%E0%B8%8A%E0%B8%B2%E0%B8%A0%E0%B8%B4%E0%B8%A7%E0%B8%B1%E0%B8%92%E0%B8%99%E0%B9%8C.jpg(https://sheets.wevis.info/download/noco/They-Work-For-Us/Parties/Images/%E0%B8%9B%E0%B8%A3%E0%B8%B0%E0%B8%8A%E0%B8%B2%E0%B8%A0%E0%B8%B4%E0%B8%A7%E0%B8%B1%E0%B8%92%E0%B8%99%E0%B9%8C.jpg),"ให้ประเทศไทยเป็นศูนย์กลางพระพุทธศาสนาโลก, 1 ตำบล 1 สำนักงานพระสังฆาธิการ, วิชาพุทธศาสนาในหลักสูตรการเรียน, พ.ร.บ. สนับสนุนพุทธบริษัท 4, เชิญผู้ทรงคุณวุฒิเป็นอาสาสมัครพระวินยาธิการ, ธนาคารพระพุทธศาสนา และสำนักงานทรัพย์สินส่วนพระพุทธศาสนา, พุทธอุทยาน, ปรับระเบียบจัดการที่ราชพัสดุมาปรับใช้จัดการที่ทรัพย์สินพระพุทธศาสนา, จัดตั้งสำนักงานเลขานุการพระสังฆาธิการทุกระดับไวยาวัจกร, ให้มีวิชาพระพุทธศาสนาอยู่ในหลักสูตรการเรียนการสอนทุกระดับ, จัดทำพระราชบัญญัติสนับสนุนให้พุทธบริษัท"
เราทำได้,15,,false,#181D54,พรรค,,ร่วมรัฐบาล,เดิมชื่อพรรคพลเมืองไทย และพลังพลเมืองไทย ตามลำดับ เกิดจากการรวมตัวกันของอดีตรัฐมนตรีและอดีต ส.ส. จากทั่วทุกภาค หลังเลือกตั้ง 62 หัวหน้าพรรคและ ส.ส. คนเดียวของพรรค ย้ายไปสังกัดพรรครวมไทยสร้างชาติ จึงมีการประกาศหัวหน้าพรรคคนใหม่พร้อมกับเปลี่ยนแปลงชื่อพรรคใหม่,2018-08-10,,,,,,,นาย คริส โปตระนันทน์,,,https://www.facebook.com/ptpthaiparty/,,,
รวมแผ่นดิน,16,Thailand Together,true,#005B35,พรรค,,ร่วมรัฐบาล,เดิมชื่อพลังชาติไทย เป็นพรรคภายใต้การนำของพล.ต.ทรงกลด ทิพย์รัตน์ อดีตคณะทำงานของ คสช. มุ่งสนับสนุนให้ พลเอก ประยุทธ์ จันทร์โอชา เป็นนายกรัฐมนตรี ในปี 2565 ได้มีการเปลี่ยนแปลงชื่อพรรคและเลือกตั้งคณะกรรมการบริหารพรรคชุดใหม่,2018-10-31,,,,,,,พล.อ. ชัชชัย ภัทรนาวิก,นาย รณฤทธิชัย คานเขต,http://thailandtogetherparty.org/,https://www.facebook.com/Thaitogetherparty/,,%E0%B8%A3%E0%B8%A7%E0%B8%A1%E0%B9%81%E0%B8%9C%E0%B9%88%E0%B8%99%E0%B8%94%E0%B8%B4%E0%B8%99.png(https://sheets.wevis.info/download/noco/They-Work-For-Us/Parties/Images/R2INoYNUHzvabl15IM.png),"กระจายอำนาจรัฐสู่ชุมชน, ปฏิรูปการเกณฑ์ทหาร, พัฒนาระบบเกษตรกรรม (smart Farmer) พ.ร.บ.สินค้าเกษตร, พัฒนาระบบการศึกษา เรียนดี เรียนฟรี มีงานทำ, ผลักดันการส่งออกของประเทศ, ส่งเสริมการท่องเที่ยวกีฬา ศิลปะ วัฒนธรรม สนับสนุนอุตสาหกรรมบันเทิงและกีฬา, ไม่เพิ่มหนี้สาธารณะที่ไม่จำเป็น, เร่งแก้ไขปัญหาเศรษฐกิจปากท้อง, ส่งเสริมสินค้าชุมชน เขตเศรษฐกิจท่องเที่ยวพิเศษ เพิ่มรายได้ประเทศ, ส่งเสริมสินค้าชุมชนทั่วประเทศ พัฒนาสินค้า SME, สนับสนุนเศรษฐกิจดิจิตัลให้เกิดขึ้นได้จริง, เพิ่มเบี้ยสำรองเลี้ยงชีพผู้สูงอายุ กลุ่มเปราะบาง และอสม., แก้ไขปัญหา PM2.5 พรบ.อากาศสะอาด, สนับสนุนสิทธิมนุษยชน ความเท่าเทียม, ป้องกัน ปราบปราม ยาเสพติด ยกระดับคุณภาพชีวิตประชาชน"
พลังท้องถิ่นไท,17,Thai Local Power,true,#008D43,พรรค,,ร่วมรัฐบาล,พรรคภายใต้การนำของนาย ชัชวาลล์ คงอุดม 'ชัช เตาปูน' อดีต สว. ผู้มีอิทธิพลในพื้นที่ กทม. มีจุดยืนที่จะทำงานร่วมกับพรรครัฐบาลไม่ว่าจะเป็นขั้วไหน,2012-03-30,,,,,,,นาย โกวิทย์ พวงงาม,นาย ธีรศักดิ์ พานิชวิทย์,,https://www.facebook.com/ThaiLocalPowerParty,,%E0%B8%9E%E0%B8%A5%E0%B8%B1%E0%B8%87%E0%B8%97%E0%B9%89%E0%B8%AD%E0%B8%87%E0%B8%96%E0%B8%B4%E0%B9%88%E0%B8%99%E0%B9%84%E0%B8%97.jpg(https://sheets.wevis.info/download/noco/They-Work-For-Us/Parties/Images/%E0%B8%9E%E0%B8%A5%E0%B8%B1%E0%B8%87%E0%B8%97%E0%B9%89%E0%B8%AD%E0%B8%87%E0%B8%96%E0%B8%B4%E0%B9%88%E0%B8%99%E0%B9%84%E0%B8%97.jpg),"การปกป้องสถาบัน, ปกป้องสถาบัน, เดินหน้าจัดตั้งสภาพลเมืองทุกจังหวัด สร้างความเสมอภาคพลเมือง ยกระดับการศึกษา, เดินหน้ากระจายอำนาจสู่ประชาชน รวมถึงงบประมาณให้ท้องถิ่น, เดินหน้าสร้างรายได้ใหม่ให้ประเทศ ผ่านกฎหมายการพนัน รวมถึงประเด็น คาสิโนเสรี คาสิโนรีสอร์ท คาสิโนออนไลน์, จัดตั้งกองทุนปลดหนี้คนไทย, ตั้งกองทุนพัฒนาสินค้าเกษตร และบำนาญผู้สูงวัย, ยกเลิกหนี้ กยศ., คาสิโนเสรี, การปกป้องสถาบัน, เดินหน้าจัดตั้งสภาพลเมืองทุกจังหวัด, สุราพื้นบ้าน, สร้างรายได้ใหม่ให้ประเทศไทย - ส่งเสริมกีฬาพื้นบ้าน, สร้างรายได้ใหม่ให้ประเทศไทย - การสนับสนุนส่งเสริมการแปรรูปผลผลิตทางการเกษตร, ล้างหนี้ กยศ. หนี้ครู หนี้เกษตรกร, การแก้ไขปัญหาและสนับสนุนเกษตรกร, บำนาญสำหรับผู้ปลดเกษียณ, การเพิ่มงบประมาณท้องถิ่น, ยกระดับการศึกษา, กระจายอำนาจสู่ประชาชน รวมถึงงบประมาณให้ท้องถิ่น, ตั้งกองทุนพัฒนาสินค้าเกษตร และบำนาญผู้สูงวัย, จัดตั้งสภาพลเมืองทุกจังหวัด, สร้างรายได้ใหม่ให้ประเทศ ผ่านกฎหมายการพนัน รวมถึงประเด็น คาสิโนเสรี, จัดตั้งกองทุนปลดหนี้คนไทย"
พลังธรรมใหม่,19,New Palangdharma,true,#FFC164,พรรค,,ร่วมรัฐบาล,เป็นการรื้อฟื้นพรรคพลังธรรม ที่ก่อตั้งโดย พล.ต.จำลอง ศรีเมือง อดีตหัวหน้าพรรคและแกนนำพันธมิตรประชาชนเพื่อประชาธิปไตย (พธม.) โดยมีอดีตสมาชิกพรรคพลังธรรมและภาคประชาชนบางส่วนร่วมจัดตั้ง ภายใต้แนวคิด United Malays National Organization (UMNO) ที่ปรับให้สอดคล้องกับไทย โดยพรรคพลังธรรมใหม่จะผนึกกำลังกับพรรคต่างๆ มาทำงานร่วมกัน,2018-09-14,,,,,,,นาย ระวี มาศฉมาดล,นาย วรินทร อุทุมพร,,https://www.facebook.com/npdthai/,,%E0%B8%9E%E0%B8%A5%E0%B8%B1%E0%B8%87%E0%B8%98%E0%B8%A3%E0%B8%A3%E0%B8%A1%E0%B9%83%E0%B8%AB%E0%B8%A1%E0%B9%88.jpg(https://sheets.wevis.info/download/noco/They-Work-For-Us/Parties/Images/%E0%B8%9E%E0%B8%A5%E0%B8%B1%E0%B8%87%E0%B8%98%E0%B8%A3%E0%B8%A3%E0%B8%A1%E0%B9%83%E0%B8%AB%E0%B8%A1%E0%B9%88.jpg),"ศาสนาพุทธจะเป็นศาสนาประจำชาติ, หมอประจำตัวทั่วไทย, จัดตั้งเขตเศรษฐกิจพอเพียงพิเศษทุกอำเภอ ภายใน 4 ปี, บัตรประชาชนสามารถประกันตัวได้, น้ำมันคืนมาให้เป็นของคนไทยทุกคน, ออกโฉนดที่ดินทั่วประเทศ 1 ล้านกว่าแปลงภายใน 4 ปี, กัญชาเพื่อทางการแพทย์ เศรษฐกิจ และสังคม, สร้างรายได้เข้าประเทศโดยการส่งออกแรงงานที่มีค่าแรงสูงไปทำงานทั่วโลก, ลดความเหลื่อมล้ำในทุกมิติ, เกษตรกรหมดหนี้ อีสานมีน้ำใช้ด้วยโขง เลย ชี มูล"
พลังประชารัฐ,20,Palang Pracharath,true,#2276EF,พรรค,,ร่วมรัฐบาล,เป็นการรวมกันของกลุ่มอดีตรัฐมนตรีในรัฐบาล คสช. อดีตแกนนำ กปปส. และอดีตไทยรักไทยที่แยกตัวออกมาโดยเฉพาะกลุ่มสามมิตร มุ่งสนับสนุนให้ พลเอก ประยุทธ์ จันทร์โอชา เป็นนายกรัฐมนตรี,2018-11-07,,,,,,,พลเอก ประวิตร วงษ์สุวรรณ,นาย 	สันติ พร้อมพัฒน์,https://pprp.or.th/,https://www.facebook.com/PPRPThailand/,https://twitter.com/pprpthailand,%E0%B8%9E%E0%B8%A5%E0%B8%B1%E0%B8%87%E0%B8%9B%E0%B8%A3%E0%B8%B0%E0%B8%8A%E0%B8%B2%E0%B8%A3%E0%B8%B1%E0%B8%90.jpg(https://sheets.wevis.info/download/noco/They-Work-For-Us/Parties/Images/%E0%B8%9E%E0%B8%A5%E0%B8%B1%E0%B8%87%E0%B8%9B%E0%B8%A3%E0%B8%B0%E0%B8%8A%E0%B8%B2%E0%B8%A3%E0%B8%B1%E0%B8%90.jpg),"ลดค่าครองชีพผ่านนโยบายพลังงาน, พัฒนาโครงสร้างประชากร, ผู้ถือบัตรประชารัฐรับเพิ่มประกันชีวิต 200,000 บาท, สวัสดิการคนเมือง, โครงการที่ดินประชารัฐ, ดูแลเกษตรกร ภายใต้นโยบาย 3 ลด 3 เพิ่ม, โครงการพัฒนาอาชีพ, ดูแลสตรีตั้งครรภ์ 5 เดือน ช่วยเงินเลี้ยงบุตรถึง 6 ขวบ, ลดแก๊สประชาชน, วางผังเมืองใหม่ กทม., ศูนย์กลางผลิตเชื้อเพลิงอากาศยานชีวภาพ, มาตรการการคุ้มครองข้อมูลส่วนบุคคล, มอบอากาศสะอาด น้ำบริสุทธิ์ เศรษฐกิจดี ควบคู่กับสุขภาพที่ดีให้กับชาว กทม., ลงทุนระบบรถไฟรางคู่ให้เกิดขึ้นในจังหวัดพิษณุโลก, แก้หนี้ประชาชนและผู้ประกอบการ, ต่อต้านคอร์รัปชันเต็มรูปแบบ, ปฏิรูประบบงบประมาณ และกระจายอำนาจการปกครองส่วนท้องถิ่น, พัฒนาทรัพยากรมนุษย์รองรับอุตสาหกรรมแห่งอนาคต, บัตรประชารัฐ, สวัสดิการผู้สูงอายุ, แม่ บุตร ธิดา ประชารัฐ, น้ำมันประชาชน, สวัสดิการประชารัฐ จากครรภ์มารดา"
พลังปวงชนไทย,21,Thai People Power,true,#5061DE,พรรค,,ฝ่ายค้าน,เป็นพรรคที่จัดตั้งเพื่อการเลือกตั้งปี 62 มีการเชื่อมโยงว่าเป็นพรรคสาขาของพรรคเพื่อไทย เนื่องจากคณะผู้ก่อตั้ง หัวหน้าพรรค และที่ปรึกษา มีความสนิทสนมกับ ทักษิณ ชินวัตร และพรรคเพื่อไทย,2018-10-29,,,,,,,นาย นิคม บุญวิเศษ,นาย จรินทร์ เฮียงกุล,https://plptdb.com/,https://www.facebook.com/thaipeoplepowerpartypage/,https://twitter.com/0xREjn0OHxcFkQg,%E0%B8%9E%E0%B8%A5%E0%B8%B1%E0%B8%87%E0%B8%9B%E0%B8%A7%E0%B8%87%E0%B8%8A%E0%B8%99%E0%B9%84%E0%B8%97%E0%B8%A2.jpg(https://sheets.wevis.info/download/noco/They-Work-For-Us/Parties/Images/%E0%B8%9E%E0%B8%A5%E0%B8%B1%E0%B8%87%E0%B8%9B%E0%B8%A7%E0%B8%87%E0%B8%8A%E0%B8%99%E0%B9%84%E0%B8%97%E0%B8%A2.jpg),"สวัสดิการประชาชนเท่าเทียมทั่วไทย, วิทยุชุมชนต้องไปต่อ, เรียนฟรีจนจบปริญญาตรี, เพิ่มวงเงินค่ารักษาพยาบาลต่อหัวประชากรอีก 30 %, ค้าขายเสรี 24 ชั่วโมง, Cash Back สวัสดิการประชาชนเกิดจากการใช้จ่ายประจำวัน, เปิดประเทศ 24 ชั่วโมง, แก้ไข พรบ.องค์กรจัดสรรคลื่นความถี่ ฯ กสทช., สร้างสะพานการศึกษาสู่ปริญญาตรี, เพิ่มวงเงินค่ารักษาพยาบาล 30 % โครงการ 30 บาทรักษาทุกโรค, ผู้สูงอายุ 3,000 บาท/เดือน"
เพื่อชาติ,22,For the Nation,true,#B1A6BF,พรรค,,ฝ่ายค้าน,เป็นพรรคที่ได้ชื่อว่าเป็นพรรคสำรองของพรรคเพื่อไทย ต่อจากพรรคเพื่อธรรม รวมถึงอีกกระแสหนึ่งเชื่อกันว่าเป็นพรรคตัวแทนของ แนวร่วมประชาธิปไตยต่อต้านเผด็จการแห่งชาติ (นปช.) เพราะมีกระแสข่าวว่าแกนนำ นปช. เป็นผู้สนับสนุน,2013-09-18,,,,,,,นางสาว ปวิศรัฐฐ์ ติยะไพรัช,รอ.ดร.จารุพล เรืองสุวรรณ,,https://www.facebook.com/PueaChatOfficial/,,%E0%B9%80%E0%B8%9E%E0%B8%B7%E0%B9%88%E0%B8%AD%E0%B8%8A%E0%B8%B2%E0%B8%95%E0%B8%B4.jpg(https://sheets.wevis.info/download/noco/They-Work-For-Us/Parties/Images/%E0%B9%80%E0%B8%9E%E0%B8%B7%E0%B9%88%E0%B8%AD%E0%B8%8A%E0%B8%B2%E0%B8%95%E0%B8%B4.jpg),"ลดจำนวนเด็กหลุดจากการศึกษา, สร้างแบรนด์จังหวัดจากอัตลักษณ์ของพื้นที่, ปฏิรูปกระบวนการยุติธรรม, เปลี่ยนระบบเกณฑ์ทหารเป็นระบบสมัครใจ, ผลักดันเงินเดือนอาชีวะเทียบเท่าปริญญาตรี, ครูอัตราจ้างควรได้เงินตามวุฒิการศึกษา, ปฏิรูปการศึกษานอกโรงเรียน (กศน.)ให้สะสมหน่วยกิต, เพิ่มโอกาสต่อยอดสร้างอาชีพ, ยกระดับความสำคัญสถาบันคุณวุฒิวิชาชีพ, เน้นขายลิขสิทธิ์นวัตกรรมและสิทธิบัตรการศึกษา, โรงเรียนต้องปลอดภัย กาย ใจ, ลดระบบแพ้คัดออก, จัดตั้งรัฐบาลกับพรรคการเมืองที่มีเสียงรวมกันเกินกึ่งหนึ่งของสภาฯ, บูรณาการนโยบายที่แต่ละพรรคใช้หาเสียง, จัดประชามติทำรัฐธรรมนูญฉบับใหม่, สนับสนุนการพูดคุยสันติภาพในชายแดนใต้, กระจายอำนาจสู่ท้องถิ่น, ส่งเสริมสิทธิมนุษยชนและการรวมกลุ่มของประชาชน, กำกับดูแลการใช้อำนาจในทางมิชอบ, สนับสนุนความเท่าเทียมทางเพศ, ยกเลิกชุดนักเรียน ปรับโรงเรียนละเมิดกฎกระทรวง, เพิ่มคุณภาพ เพิ่มงบอาหารกลางวันทุกโรงเรียน, การศึกษาทุกที่ทุกเวลา, ยกระดับสถาบันคุณวุฒิวิชาชีพ, ปฏิรูปอาชีวะยกระดับความสำคัญ, ธนาคารเมล็ดพันธ์ุ, พ.ร.บ.คนอยู่กับป่า, เกษตรพลัส, กฎหมายแรงงานแพลตฟอร์ม, กองทุนพัฒนา SME, ตรวจสุขภาพคนไทยทุก 4 ปี, ต้องจัดให้มี Family Group Day Care"
เพื่อไทย,23,Pheu Thai,true,#F41724,พรรค,,ฝ่ายค้าน,เริ่มต้นจากพรรคไทยรักไทยในอดีต ต่อมาเป็นพรรคพลังประชาชน โดยภายหลังทั้งสองพรรคตั้งต้นถูกตัดสินให้ยุบพรรค จนมาเป็นพรรคเพื่อไทยในปัจจุบัน เป็นพรรคที่ถูกรัฐประหารถึง 2 ครั้งซ้อน คือในปี 2549 ยุคไทยรักไทย และในปี 2557 ยุคเพื่อไทย,2007-09-20,,,,,,,นาย ชลน่าน ศรีแก้ว,นาย ประเสริฐ จันทรรวงทอง,https://www.ptp.or.th/,https://www.facebook.com/pheuthaiparty/,https://twitter.com/pheuthaiparty,%E0%B9%80%E0%B8%9E%E0%B8%B7%E0%B9%88%E0%B8%AD%E0%B9%84%E0%B8%97%E0%B8%A2.jpg(https://sheets.wevis.info/download/noco/They-Work-For-Us/Parties/Images/%E0%B9%80%E0%B8%9E%E0%B8%B7%E0%B9%88%E0%B8%AD%E0%B9%84%E0%B8%97%E0%B8%A2.jpg),"มีศูนย์การเรียนรู้แบบ TCDC และ TK Park ให้ครบทุกจังหวัด, ส่งเสริมการมีส่วนร่วมและการกระจายอำนาจสู่ระดับประชาชน, ให้มีการเลือกตั้งผู้ว่าราชการจังหวัดในจังหวัดที่มีความพร้อม, แก้ไขกระบวนการยุติธรรมคืนสิทธิให้กับคนทุกกลุ่ม, สิทธิเสรีภาพในการเกณฑ์ทหาร, เป็นรัฐบาลดิจิทัลเต็มรูปแบบทุกหมู่บ้านมีอินเทอร์เน็ตความเร็วสูงสถานที่สาธารณะมี WiFi ฟรี, ยาเสพติดต้องหมดไป 'ยาเสพติดกับเพื่อไทยอยู่ร่วมกันไม่ได้', ปราบอาชญากรรมไซเบอร์, ยกเลิกการเกณฑ์ทหาร ให้สมัครโดยสมัครใจ, โครงการ 1 อำเภอ 1 ทุน (ODOS), 1 นักเรียน 1 แท็บเล็ต และ 1 ครู 1 แท็บเล็ต (Free tablet for all), มีโรงเรียน 2 ภาษาในทุกท้องถิ่น ซึ่งสอนภาษาต่างประเทศ, ส่งเสริมการเรียนรู้ผ่านขั้นตอน Learn to Earn, เพิ่มงบอาหารกลางวันและให้บริการรับส่งนักเรียนฟรี, ดินนำ น้ำดี มีต้นพันธุ์ ยืนยันราคา จัดหาแหล่งทุน สนับสนุนกรรมสิทธิ์, ส่งเสริมการใช้เทคโนโลยีการเกษตรแม่นยำ (Precision Agriculture), ปลดล็อกประมงพื้นบ้านขนาดเล็ก, ฟื้นฟูเศรษฐกิจประมงและทรัพยากรทางทะเล, สร้างรายได้เกษตรกร ให้มีรายได้ 30,000 บาท ต่อไร่ ต่อปี, บริหารจัดการน้ำ มีน้ำดื่ม น้ำใช้ตลอดปี, นำที่ดินของรัฐจำนวนมาก ที่ไม่ได้ใช้ประโยชน์ มาจัดให้เป็นที่ดินทำกินของราษฏร, จัดทำกรรมสิทธิ์ที่ดิน, ยาเสพติดหมดไป คืนชีวิตปลอดภัยให้ประชาชน, เร่งเจรจาข้อตกลง IUU (Illegal Unreported and Unregulated fishing) ใหม่โดยตรงกับสหภาพยุโรป (EU), เปิดประตูการค้า เสริมโอกาสการต่างประเทศ, จะทำให้พาสปอร์ตไทยได้รับการยกเว้นวีซ่าให้มากขึ้น, เปิดประตูการค้า เสริมโอกาสการต่างประเทศ, แก้รัฐธรรมนูญ จัดทำรัฐธรรมนูญฉบับประชาชน, ค่าแรงขั้นต่ำ 600 บาท เงินเดือน ป.ตรี 25,000 บาท, เติมรายได้ให้ทุกครอบครัวมีรายได้ขั้นต่ำ 20,000 บาท/เดือน, ดึงศักยภาพคนไทยด้วยการใช้ซอฟต์เพาเวอร์ 1 คนต่อ 1 ครอบครัว, ส่งเสริมการท่องเที่ยว, 1 ครอบครัว 1 ซอฟท์พาวเวอร์, สร้างรายได้จากการท่องเที่ยว 3 ล้านล้านบาทต่อปี, รื้อโครงสร้างราคาพลังงานทันที, ค่าไฟ ค่าน้ำมัน ค่าแก๊ส ลดราคาทันที, นโยบายสร้างประเทศด้วยนวัตกรรมและดิจิทัลผ่านเขตธุรกิจใหม่ (New Business Zone), ทุกครอบครัว มีรายได้ ไม่น้อยกว่า 20,000 บาท / เดือน, การสร้าง Blockchain ที่จะทำให้ไทยการเป็นศูนย์กลาง Fintech (เทคโนโลยีทางการเงิน) ของอาเซียน, กระตุ้นเศรษฐกิจใหญ่ ผ่านกระเป๋าเงินดิจิทัล, ฉีดวัคซีนป้องกันมะเร็งปากมดลูกฟรีในเด็กอายุ 9-11 ปี, ผู้ป่วยโรคทางจิตสามารถรับคำปรึกษาผ่านระบบ telemedicine, ส่งเสริมให้มีสถานชีวาภิบาล ดูแลผู้ป่วยติดเตียง ใช้งบประมาณ สปสช., บัตรประชาชนใบเดียวรักษาได้ทั่วไทย, ถมทะเลป้องกันน้ำทะเลหนุนท่วมกรุงเทพฯ, สร้างรถไฟวิ่งได้ 160 กิโลเมตร/ชั่วโมง, ขยายสนามบินสุวรรณภูมิ ให้รองรับผู้โดยสาร 100 ล้านคน, รถไฟฟ้าจัดระเบียบใหม่ เพื่อใช้ระบบตั๋วรวม 20 บาทตลอดสาย, ร่วมกับประเทศเพื่อนบ้านแก้ปัญหา PM2.5 ที่ต้นเหตุ, จัดตั้งรัฐบาลกับพรรคการเมืองที่มีเสียงรวมกันเกินกึ่งหนึ่งของสภาฯ"
ภูมิใจไทย,24,Bhumjaithai,true,#2C3487,พรรค,,ร่วมรัฐบาล,เป็นการรวมตัวของกลุ่มไทยรักไทยเก่าที่แยกตัวออกมา กลุ่มพลังประชาชน และกลุ่มเพื่อนเนวิน มีฐานเสียงหนาแน่นในพื้นที่อีสานใต้ มีจุดยืนที่พร้อมจะร่วมรัฐบาลกับทุกขั้ว,2008-11-05,,,,,,,นาย อนุทิน ชาญวีรกูล,นาย ศักดิ์สยาม ชิดชอบ,https://www.bhumjaithai.com/,https://www.facebook.com/bhumjaithaiparty,https://twitter.com/khonbhumjaithai,%E0%B8%A0%E0%B8%B9%E0%B8%A1%E0%B8%B4%E0%B9%83%E0%B8%88%E0%B9%84%E0%B8%97%E0%B8%A2.jpg(https://sheets.wevis.info/download/noco/They-Work-For-Us/Parties/Images/%E0%B8%A0%E0%B8%B9%E0%B8%A1%E0%B8%B4%E0%B9%83%E0%B8%88%E0%B9%84%E0%B8%97%E0%B8%A2.jpg),"ฉายรังสีรักษามะเร็งฟรีทุกจังหวัด ศูนย์ฟอกไตฟรีทุกอำเภอ, จัดการเรียนการสอนด้วยระบบออนไลน์, การจัดการเรียนการสอน หรือเรียนฟรีถึงระดับปริญญาตรี, จัดตั้งสถาบันพัฒนาสื่อเทคโนโลยีสารสนเทศแห่งชาติ, พัฒนาคุณภาพของครู ให้ได้รายได้แบบเพย์-เพอร์-วิว (Pay Per View), นโยบาย “เกษตรร่ำรวย” ทำเกษตรแบบ Contact Farming กับภาคเอกชน, สร้างเศรษฐกิจ ด้วยงานเทศกาล ปั้นเมือง สร้างงาน วางรากฐาน ""ท้องถิ่นเข้มแข็ง"", สร้างงานดี งานดี 10 ล้านตำแหน่ง ผ่านการท่องเที่ยว, เพิ่มรายได้ในภาคการท่องเที่ยว รายได้ดี 4 ปี 6 ล้านล้าน, จัดตั้งกองทุนท่องเที่ยวพร้อมวางแผนแนวทางบริหารกองทุน, 365 วัน เที่ยวทุกที่ เที่ยวทั้งปี รายได้ดี ไม่มีวันหยุด, ปลุก Soft Power ที่มีคุณค่า สู่มูลค่า, 1 จังหวัด 100 ล้าน เพื่อการท่องเที่ยว, Wellness Resort of the World รักษาเมืองหลัก พักฟื้นเมืองรอง, Low Carbon Destination มุ่งสู่การท่องเที่ยวสมัยใหม่ที่เป็นมิตรกับสิ่งแวดล้อมและชุมชน, ผลักดันภาษีบ้านเกิดเมืองนอน, พักหนี้ 3 ปี หยุดต้น ปลอดดอกคนละไม่เกิน 1 ล้านบาท, นโยบายแลนด์บริดจ์, กองทุนประกันชีวิต 60 ปีขึ้นไป, พัฒนา อสม. เป็น สมาร์ท อสม. เพิ่มค่าตอบแทนเป็นเดือนละ 2,000 บาท, นโยบาย กัญชาทางการแพทย์ สุขภาพ เศรษฐกิจ, พลังงานสะอาด ลดรายจ่ายประชาชน, จัดตั้งรัฐบาลกับพรรคการเมืองที่มีเสียงรวมกันเกินกึ่งหนึ่งของสภาฯ, บูรณาการนโยบายที่แต่ละพรรคใช้หาเสียง, จัดประชามติทำรัฐธรรมนูญฉบับใหม่, สนับสนุนการพูดคุยสันติภาพในชายแดนใต้, กระจายอำนาจสู่ท้องถิ่น, ส่งเสริมสิทธิมนุษยชนและการรวมกลุ่มของประชาชน, กำกับดูแลการใช้อำนาจในทางมิชอบ, สนับสนุนความเท่าเทียมทางเพศ"
เศรษฐกิจใหม่,27,New Economics,true,#B096F9,พรรค,,ร่วมรัฐบาล,พรรคที่เกิดขึ้นจากความต้องการแก้ปัญหาปากท้องของประชาชน เพราะเป็นช่วงเศรษฐกิจของชนชั้นกลางลงมาย่ำแย่ ระบุจุดยืนประชาธิปไตย เน้นเศรษฐกิจ ไม่เน้นขัดแย้ง,2018-11-08,,,,,,,นาย มนูญ สิวาภิรมย์รัตน์,นาย 	มนตรี สันติไชยกุล,,https://www.facebook.com/NEPThailand/,https://www.twitter.com/NewEconomicsTH,%E0%B9%80%E0%B8%A8%E0%B8%A3%E0%B8%A9%E0%B8%90%E0%B8%81%E0%B8%B4%E0%B8%88%E0%B9%83%E0%B8%AB%E0%B8%A1%E0%B9%88.jpg(https://sheets.wevis.info/download/noco/They-Work-For-Us/Parties/Images/%E0%B9%80%E0%B8%A8%E0%B8%A3%E0%B8%A9%E0%B8%90%E0%B8%81%E0%B8%B4%E0%B8%88%E0%B9%83%E0%B8%AB%E0%B8%A1%E0%B9%88.jpg),"ความมั่นคงปลอดภัยในชีวิตทรัพย์สิน, สินค้าปลอดภาษี, นิคมอุตสาหกรรมชายแดน, รถไฟฟ้าวงแหวนรอบนอกกรุงเทพฯ และปริมณฑล, สร้างที่อยู่อาศัยติดรถไฟฟ้า, ธุรกิจการค้าออนไลน์ของไทย, ปัญหาประมง"
เสรีรวมไทย,28,Thai Liberal,true,#FFEA2E,พรรค,,ฝ่ายค้าน,พรรคภายใต้การนำของ พล.ต.อ. เสรีพิศุทธ์ เตมียาเวส อดีตผู้บัญชาการตำรวจแห่งชาติ ประกาศจุดยืนไม่เห็นด้วยกับรัฐประหาร สนับสนุนการปฏิรูปกองทัพ และต่อต้านเผด็จการอย่างชัดเจน,2013-08-29,,,,,,,พล.ต.อ. เสรีพิศุทธ์ เตมียเวส,นาย วัชรา ณ วังขนาย,https://sereeruamthai.or.th,https://www.facebook.com/sereeruamthai/,https://twitter.com/sereeruamthai,%E0%B9%80%E0%B8%AA%E0%B8%A3%E0%B8%B5%E0%B8%A3%E0%B8%A7%E0%B8%A1%E0%B9%84%E0%B8%97%E0%B8%A2.jpg(https://sheets.wevis.info/download/noco/They-Work-For-Us/Parties/Images/%E0%B9%80%E0%B8%AA%E0%B8%A3%E0%B8%B5%E0%B8%A3%E0%B8%A7%E0%B8%A1%E0%B9%84%E0%B8%97%E0%B8%A2.jpg),"ปฏิรูปกองทัพยกเลิกการเกณฑ์ทหาร ย้ายกองทัพออกจากกรุงเทพ, ปฏิรูปตำรวจ เพื่อประชาชน กู้วิกฤตศรัทธาตำรวจอาชีพ ผู้พิทักษ์สันติราษฏร์, เก็บอาวุธ หยุดความตาย, ปฏิรูปกองทัพ, เรียนฟรีจนจบปริญญาตรีและยกเลิกหนี้ กยศ., บำนาญ 65 ปีขึ้นไปรับ 3,000 บาท/เดือน, เบี้ยผู้พิการ 3,000 บาท/เดือน, จัดสรรที่ดินอยู่อาศัยทำกินให้ประชาชน, ยาเสพติดเป็น 0, เสริมสร้างประสิทธิภาพกองทุนหมู่บ้าน, ปราบทุจริต พิชิตคนพาล อภิบาลคนดี คืนงบประมาณให้ประชาชน, สร้างเขื่อนเพื่อการเกษตร ป้องกันน้ำแล้งน้ำท่วม, น้ำมัน ไฟฟ้า ราคาถูก สำหรับประชาชน, แก้ปัญหาประมงไทยอย่างยั่งยืน, บัตรประชาชนใบเดียวรักษาฟรีในโรงพยาบาลของรัฐทั่วประเทศ, จัดตั้งรัฐบาลกับพรรคการเมืองที่มีเสียงรวมกันเกินกึ่งหนึ่งของสภาฯ, บูรณาการนโยบายที่แต่ละพรรคใช้หาเสียง, จัดประชามติทำรัฐธรรมนูญฉบับใหม่, สนับสนุนการพูดคุยสันติภาพในชายแดนใต้, กระจายอำนาจสู่ท้องถิ่น, ส่งเสริมสิทธิมนุษยชนและการรวมกลุ่มของประชาชน, กำกับดูแลการใช้อำนาจในทางมิชอบ, สนับสนุนความเท่าเทียมทางเพศ"
อนาคตใหม่,29,Future Forward,false,#FF711E,พรรค,,ฝ่ายค้าน,จัดตั้งขึ้นเพื่อมุ่งสร้างการเมืองแบบใหม่ สนับสนุนประชาธิปไตย และต้องการยุติวงจรอุบาทว์ของรัฐประหาร พร้อมประกาศชัดเจนว่าจะคัดค้านอิทธิพลของกองทัพในการเมือง,2018-10-03,2020-02-21,,,,,,นาย ธนาธร จึงรุ่งเรืองกิจ,นาย ปิยบุตร แสงกนกกุล,https://futureforwardparty.org,https://www.facebook.com/FWPthailand/,https://twitter.com/FWPthailand,%E0%B8%AD%E0%B8%99%E0%B8%B2%E0%B8%84%E0%B8%95%E0%B9%83%E0%B8%AB%E0%B8%A1%E0%B9%88.jpg(https://sheets.wevis.info/download/noco/They-Work-For-Us/Parties/Images/%E0%B8%AD%E0%B8%99%E0%B8%B2%E0%B8%84%E0%B8%95%E0%B9%83%E0%B8%AB%E0%B8%A1%E0%B9%88.jpg),
ประชาชนปฏิรูป,30,People Reform,false,#019595,พรรค,,ร่วมรัฐบาล,พรรคภายใต้การนำของนายไพบูลย์ นิติตะวัน ได้รับเลือก ส.ส. บัญชีรายชื่อ 1 คน ต่อมานายไพบูลย์ ได้ยื่นเรื่องขอเลิกกิจการพรรค และย้ายไปสังกัดพรรคพลังประชารัฐ,2018-10-03,2019-09-06,,,,,,นาย ไพบูลย์ นิติตะวัน,,https://www.pprparty.com/,,,%E0%B8%9B%E0%B8%A3%E0%B8%B0%E0%B8%8A%E0%B8%B2%E0%B8%8A%E0%B8%99%E0%B8%9B%E0%B8%8F%E0%B8%B4%E0%B8%A3%E0%B8%B9%E0%B8%9B.jpg(https://sheets.wevis.info/download/noco/They-Work-For-Us/Parties/Images/%E0%B8%9B%E0%B8%A3%E0%B8%B0%E0%B8%8A%E0%B8%B2%E0%B8%8A%E0%B8%99%E0%B8%9B%E0%B8%8F%E0%B8%B4%E0%B8%A3%E0%B8%B9%E0%B8%9B.jpg),
ก้าวไกล,31,Move Forward,true,#FF711E,พรรค,,ฝ่ายค้าน,เดิมคือพรรคร่วมพัฒนาชาติไทย ต่อมาปี 2562 ได้เปลี่ยนชื่อเป็น พรรคผึ้งหลวง และเปลี่ยนมาใช้ชื่อปัจจุบันในเดือนมกราคม 2563 รับอดีต ส.ส. สมาชิกพรรคอนาคตใหม่ที่ถูกศาลรัฐธรรมนูญสั่งยุบพรรค ประกาศจุดยืนยึดมั่นประชาธิปไตย ต่อต้านการรัฐประหาร และผลักดันนโยบายที่ก้าวหน้า,2020-01-19,,,,,,,นาย พิธา ลิ้มเจริญรัตน์,นาย ชัยธวัช ตุลาธน,https://moveforwardparty.org/,https://www.facebook.com/MoveForwardPartyThailand/,https://twitter.com/MFPThailand,%E0%B8%81%E0%B9%89%E0%B8%B2%E0%B8%A7%E0%B9%84%E0%B8%81%E0%B8%A5.jpg(https://sheets.wevis.info/download/noco/They-Work-For-Us/Parties/Images/%E0%B8%81%E0%B9%89%E0%B8%B2%E0%B8%A7%E0%B9%84%E0%B8%81%E0%B8%A5.jpg),"เลือกตั้งผู้ว่าฯ ทุกจังหวัด, ประชามติยกเลิกราชการส่วนภูมิภาค ไม่มีใครตกงาน-เสียประโยชน์, ข้าราชการทุกสังกัด ศักดิ์และสิทธิเท่ากัน โยกย้ายก้าวหน้าได้, เลือกตั้งนายกเขต ทุกเขตใน กทม., เพิ่มงบท้องถิ่น (จังหวัดละ +250 ล้านบาท/ปี | เมืองละ +100 ล้านบาท/ปี | ตำบลละ 20 ล้านบาท/ปี), ท้องถิ่นมีช่องทางหารายได้ใหม่ กู้เงิน-ออกพันธบัตร, ท้องถิ่นจัดทำบริการสาธารณะได้ทั้งหมด, ถ่ายโอนอำนาจให้ท้องถิ่น, ยกเลิกกฎระเบียบและคำสั่ง คสช. ที่ล็อกคอ-ล้วงลูกท้องถิ่น, ท้องถิ่นโปร่งใส เปิดเผยข้อมูลงบทุกบาท-จัดซื้อจัดจ้างทุกขั้นตอน, ประชุมสภาพลเมือง ทุกคนมีส่วนร่วม ทุกท้องถิ่น ทุกไตรมาส, ประชาชนเข้าชื่อออนไลน์ เสนอโครงการ-ข้อบัญญัติ ถอดถอนท้องถิ่นได้, โทษปรับ ขยับขึ้น-ลงตามฐานรายได้, ปฏิรูปเรือนจำ เน้นการฟื้นฟู-ลดทำผิดซ้ำ, ศาลโปร่งใส ตรวจสอบได้ เป็นของประชาชน, ลงนาม ICC ศาลอาญาระหว่างประเทศ, นิรโทษกรรมคดีการเมือง, ผู้ตรวจการตำรวจ ประชาชนมีช่องร้องเรียนตำรวจ, เอาทหารออกจากการเมือง, กองทัพอยู่ใต้รัฐบาลพลเรือน ยกเลิกสภากลาโหม, ตั้งผู้ตรวจการกองทัพ ประชาชนตรวจสอบกองทัพได้, ยกเลิกศาลทหาร, ลดขนาดกองทัพ 30-40%, ลดจำนวนนายพล ตัดสิทธิพิเศษที่ไม่เป็นธรรม, ยกเลิกบังคับเกณฑ์ทหาร, ปฏิรูปการศึกษาทหาร, นำเข้ายุทโธปกรณ์ ต้องจ้างงาน-โอนถ่ายเทคโนโลยี (Defence Offset), คืนที่ดินกองทัพให้ประชาชน, คืนธุรกิจกองทัพให้รัฐบาล, เพิ่มสวัสดิการทหารชั้นผู้น้อย ปลอดภัย-มั่นคง-มีอนาคต, ยุบ กอ.รมน., ยกเลิกการประกาศกฎอัยการศึกในชายแดนใต้, แก้ไขกฎหมายความมั่นคงพิเศษ, ผบ.ตร. ยึดโยงประชาชน, จังหวัด-ตำรวจ ร่วมรับใช้ประชาชน, คืนผมให้ตำรวจ ไม่บังคับเกรียน, เพิ่มค่าตอบแทนครูบรรจุใหม่ เป็น 20,000+ ต่อเดือน, ยกระดับสถาบันผลิตครู เพิ่มทักษะ-ความเชี่ยวชาญครู, แก้ปัญหาหนี้สินครู กำหนดเพดานหักเงินเดือน, เรียนฟรี อาหารฟรี มีรถรับส่ง, ทุกโรงเรียนมีงบพอ, โรงเรียนโปร่งใส ปราศจากทุจริต, นักเรียนเครียด-ซึมเศร้ามีที่ปรึกษา, กฎโรงเรียนต้องไม่ขัดหลักสิทธิมนุษยชน, ครูละเมิดสิทธิ พักใบประกอบทันที, ยกเลิกตั้งแถว ใช้เวลาอัปเดตเหตุการณ์บ้านเมือง, ไม่บังคับชุดนักเรียน ผู้ปกครองใช้งบกับอย่างอื่นได้, ออกแบบหลักสูตรใหม่ เน้นทักษะที่ได้ใช้จริง, คูปองเปิดโลกเรียนรู้นอกห้องเรียน สูงสุด 2,000 บาทต่อปี, คุ้มครองสิทธิในการชุมนุม (แก้ พ.ร.บ. ชุมนุม)"
เศรษฐกิจไทย,32,Thai Economic,true,#CA4F4F,พรรค,,ร่วมรัฐบาล,พรรคใหม่ที่ ร.อ.ธรรมนัส พรหมเผ่า นำ ส.ส. ย้ายไปสังกัด หลังถูกมติพรรคพลังประชารัฐขับออก,2020-04-07,,,,,,,นาย เชวงศักดิ์ ใจคำ,นาย 	สัจจวิทย์ ลีลาวณิชย์,,https://www.facebook.com/wealthofthai,,%E0%B9%80%E0%B8%A8%E0%B8%A3%E0%B8%A9%E0%B8%90%E0%B8%81%E0%B8%B4%E0%B8%88%E0%B9%84%E0%B8%97%E0%B8%A2.jpg(https://sheets.wevis.info/download/noco/They-Work-For-Us/Parties/Images/%E0%B9%80%E0%B8%A8%E0%B8%A3%E0%B8%A9%E0%B8%90%E0%B8%81%E0%B8%B4%E0%B8%88%E0%B9%84%E0%B8%97%E0%B8%A2.jpg),
เพื่อชาติไทย,33,Pheu Chart Thai,true,#0D8080,พรรค,,ร่วมรัฐบาล,เคยจดทะเบียนในชื่อพรรคพลังไทยรักไทย หลังการเลือกตั้ง 62 ได้เข้าร่วมรัฐบาลภายใต้การนำของพรรคพลังประชารัฐ และสนับสนุนพลเอก ประยุทธ์ จันทร์โอชา เป็นนายกรัฐมนตรี,2018-10-30,,,,,,,นาย คฑาเทพ เตชะเดชเรืองกุล,นาย ทองจันทร์ จันทร์เต,,https://www.facebook.com/pheuchartthai,,%E0%B9%80%E0%B8%9E%E0%B8%B7%E0%B9%88%E0%B8%AD%E0%B8%8A%E0%B8%B2%E0%B8%95%E0%B8%B4%E0%B9%84%E0%B8%97%E0%B8%A2.jpg(https://sheets.wevis.info/download/noco/They-Work-For-Us/Parties/Images/%E0%B9%80%E0%B8%9E%E0%B8%B7%E0%B9%88%E0%B8%AD%E0%B8%8A%E0%B8%B2%E0%B8%95%E0%B8%B4%E0%B9%84%E0%B8%97%E0%B8%A2.jpg),"เปิดสงครามยาเสพติด 3 ปี หมดจากประเทศไทย, น้ำมันลิตรละไม่เกิน 25 บาท, สปก 4-01 5 ปี ออกโฉนดได้, หวยเสรีกู้เศรษฐกิจไทย, ที่พักสงฆ์ 7 ปี 7 ไร่ ยกฐานะเป็นวัดทั่วประเทศ, เรียนฟรีถึงปริญญาเอก"
ชาติพัฒนากล้า,34,Chart Pattana Kla,true,#FBB514,พรรค,,ร่วมรัฐบาล,พรรคชาติพัฒนากล้า หรือในชื่อเดิมว่า รวมชาติพัฒนา และ รวมใจไทยชาติพัฒนา ชาติพัฒนาเพื่อแผ่นดิน และ ชาติพัฒนา เป็นพรรคการเมืองที่ก่อตั้งขึ้นในปี พ.ศ. 2550 โดยสมาชิกส่วนใหญ่เป็นสมาชิกจากพรรคการเมืองที่เคยมีอยู่แล้ว จัดตั้งเป็นพรรคการเมืองโดยรวม กลุ่มรวมใจไทย เข้ากับ พรรคชาติพัฒนา และมารวมกับพรรคกล้า ของนายกรณ์ จาติกวณิช เมื่อวันที่ 26 กันยายน พ.ศ. 2565,2007-10-03,,,,,,,นาย กรณ์ จาติกวณิช,นาย เทวัญ ลิปตพัลลภ,,https://www.facebook.com/ChartpattanaParty/,https://twitter.com/ChartpattanaKLA,%E0%B8%8A%E0%B8%B2%E0%B8%95%E0%B8%B4%E0%B8%9E%E0%B8%B1%E0%B8%92%E0%B8%99%E0%B8%B2%E0%B8%81%E0%B8%A5%E0%B9%89%E0%B8%B2.png(https://sheets.wevis.info/download/noco/They-Work-For-Us/Parties/Images/BCxo6X8Yn-o_sAL9ed.png),"ปรับปรุงบ้าน 50,000 บาท ให้ผู้สูงวัยและผู้พิการ, เปลี่ยนส่วยเป็นภาษี เราจะนำธุรกิจในที่มืดมาอยู่ที่สว่าง, ยกเลิกแบล็กลิสต์บูโร รื้อระบบสินเชื่อ, ภาษีเป็นธรรมเพื่อคนทำงาน, รื้อโครงสร้างพลังงาน, ราชการในมือถือ Govtech, เกษตรสร้างชาติ เพิ่มมูลค่าด้วยเทคโนโลยี-อุตสาหกรรม, เด็กไทย 3 ภาษา, ทุนธุรกิจสร้างสรรค์ สูงสุดรายละ1ล้านบาท ไม่จำกัดวุฒิและวัย, มอร์เตอร์เวย์ทั่วไทย 4 ทิศ 2,000 กม., ท่องเที่ยวนำไทย เพิ่มนักท่องเที่ยว 2 เท่า, กองทุนสนับสนุน soft power, สนับสนุนการสร้างสถานที่ศักดิ์สิทธิ์เพื่อดึงดูดนักท่องเที่ยว, สนับสนุนสมรสเท่าเทียม เพื่อเพิ่มส่วนแบ่งตลาดจากกลุ่มนักท่องเที่ยว LGBTQ ทั่วโลก, สูงวัยไฟแรง งานใหม่ 5 แสนตำแหน่ง, จัดตั้งรัฐบาลกับพรรคการเมืองที่มีเสียงรวมกันเกินกึ่งหนึ่งของสภาฯ, บูรณาการนโยบายที่แต่ละพรรคใช้หาเสียง, จัดประชามติทำรัฐธรรมนูญฉบับใหม่, สนับสนุนการพูดคุยสันติภาพในชายแดนใต้, กระจายอำนาจสู่ท้องถิ่น, ส่งเสริมสิทธิมนุษยชนและการรวมกลุ่มของประชาชน, กำกับดูแลการใช้อำนาจในทางมิชอบ, สนับสนุนความเท่าเทียมทางเพศ, ส่งเสริมอุตสาหกรรมภาคเกษตรให้เมืองไทยเป็นผู้ผลิตอาหารป้อนโลก
, โคราชโนมิคสร้างโคราชและอีสานให้เป็นระเบียงเศรษฐกิจใหม่ของประเทศ"
รักษ์ผืนป่าประเทศไทย,35,Thai Forest Conservation,true,#789947,พรรค,,ร่วมรัฐบาล,เดิมชื่อว่า พรรครักษ์ผืนป่าประเทศไทย และ พรรคทวงคืนผืนป่าประเทศไทย พรรคการเมืองที่ก่อตั้งตามรัฐธรรมนูญแห่งราชอาณาจักรไทย พุทธศักราช 2550 เมื่อวันที่ 12 ธันวาคม 2555 มีนาย ดำรงค์ พิเดช อดีตอธิบดี กรมอุทยานแห่งชาติ สัตว์ป่า และพันธุ์พืช เป็นหัวหน้าพรรคและนายธิติ กนกทวีฐากร เป็นรองหัวหน้าพรรค,2013-01-09,,,,,,,,ปอยหลวง โคนทรงแสน,,,,%E0%B8%A3%E0%B8%B1%E0%B8%81%E0%B8%A9%E0%B9%8C%E0%B8%9C%E0%B8%B7%E0%B8%99%E0%B8%9B%E0%B9%88%E0%B8%B2%E0%B8%9B%E0%B8%A3%E0%B8%B0%E0%B9%80%E0%B8%97%E0%B8%A8%E0%B9%84%E0%B8%97%E0%B8%A2.jpg(https://sheets.wevis.info/download/noco/They-Work-For-Us/Parties/Images/%E0%B8%A3%E0%B8%B1%E0%B8%81%E0%B8%A9%E0%B9%8C%E0%B8%9C%E0%B8%B7%E0%B8%99%E0%B8%9B%E0%B9%88%E0%B8%B2%E0%B8%9B%E0%B8%A3%E0%B8%B0%E0%B9%80%E0%B8%97%E0%B8%A8%E0%B9%84%E0%B8%97%E0%B8%A2.jpg),"สร้างบัณฑิตที่มีคุณภาพ, ส่งเสริมการศึกษาและนวัตกรรม, คืนความเป็นธรรมให้สังคม, ผลักดันกฏหมายปราบปรามคอรัปชั่น, ปฏิรูปโครงสร้างหน่วยงานราชการ, สร้างงาน สร้างอาชีพ, สร้างความเข้มแข็งทางเศรษฐกิจและแข็งขันอย่างยั่งยืน, เพิ่มป่าไม้ในประเทศ, ยกเลิกชนิดพืชหวงห้ามสัตว์ป่าคุ้มครอง, ห้ามใช้วัสดุที่ย่อยสลายยาก"
รวมพลัง,36,Action Coalition for Thailand,true,#581981,พรรค,,ร่วมรัฐบาล,เดิมชื่อพรรครวมพลังประชาชาติไทย เป็นพรรคการเมืองในประเทศไทย ที่จดทะเบียนก่อตั้งในปี พ.ศ. 2561 ก่อตั้งขึ้นโดยแนวร่วม กปปส. สุเทพ เทือกสุบรรณ และ เอนก เหล่าธรรมทัศน์ โดยได้เปลี่ยนชื่อเป็นพรรครวมพลังเมื่อวันที่ 24 เมษายน พ.ศ. 2565 รวมถึงตราโลโก้พรรครูปพญานาค,2019-05-25,,,,,,,ดร.ดนุช ตันเทอดทิตย์,ดร.สุเนตตา แซ่โก๊ะ,https://act-party.org/,https://www.facebook.com/actpartyorg,https://twitter.com/actpartyorg,%E0%B8%A3%E0%B8%A7%E0%B8%A1%E0%B8%9E%E0%B8%A5%E0%B8%B1%E0%B8%87.png(https://sheets.wevis.info/download/noco/They-Work-For-Us/Parties/Images/ckQbj1avV1O1YwNF7j.png),"รวมพลังอาชีวะ เรียนปวส.ฟรี, รวมพลังทำต่อมหาวิทยาลัยสู่ตำบล, รวมพลังผลิตแพทย์ สู่ตำบล, รวมพลังผู้สูงอายุ, รวมพลังคนพิการ"
รวมไทยสร้างชาติ,37,United Thai Nation,true,#1445C3,พรรค,,ร่วมรัฐบาล,เป็นพรรคการเมืองไทยที่จดทะเบียนในปี พ.ศ. 2564 โดยมีพีระพันธุ์ สาลีรัฐวิภาค เป็นหัวหน้าพรรคคนปัจจุบัน ต่อมาในช่วงปลายปี พ.ศ. 2565 พลเอกประยุทธ์ จันทร์โอชา ได้ตัดสินใจเข้าร่วมกิจกรรมทางการเมืองกับพรรค และสมัครเป็นสมาชิกพรรคเมื่อวันที่ 9 มกราคม พ.ศ. 2566,2021-03-31,,,,,,,พีระพันธุ์ สาลีรัฐวิภาค,นายเอกนัฐ พร้อมพันธุ์,https://unitedthaination.or.th/,https://www.facebook.com/unitedthaination/,https://twitter.com/utn_official,%E0%B8%A3%E0%B8%A7%E0%B8%A1%E0%B9%84%E0%B8%97%E0%B8%A2%E0%B8%AA%E0%B8%A3%E0%B9%89%E0%B8%B2%E0%B8%87%E0%B8%8A%E0%B8%B2%E0%B8%95%E0%B8%B4.png(https://sheets.wevis.info/download/noco/They-Work-For-Us/Parties/Images/71TBXfLKWiUR__KqSa.png),"รักษาประเทศไทยให้อยู่ในระบอบประชาธิปไตยที่มีพระมหากษัตริย์เป็นประมุข, ทุนเรียนวิชาชีพ, เพิ่มสิทธิบัตรสวัสดิการพลัส, เพิ่มเบี้ยผู้สูงอายุ, ดูแลผู้สูงอายุและลดภาษีให้ผู้ประกอบการที่จ้างผู้สูงวัย, ปรับปรุงแผนที่แนวเขตที่ดินของรัฐแบบบูรณาการ ‘One Map’, แก้กฎหมายเกี่ยวกับที่ดินทั้งหลาย, แรงงานและข้าราชการ เบิกส่วนประกันตน 30% มาใช้ก่อนได้, นำอาชีพอิสระเข้าระบบประกันตน, โครงการคนละครึ่งและเราเที่ยวด้วยกัน ภาค 2, ตั้งกองทุนพยุงราคาสินค้าเกษตร, โครงสร้างพื้นฐานที่ทันสมัย การตั้งเขตเศรษฐกิจพิเศษ EEC และระเบียงเศรษฐกิจใหม่ 4 ภาค, เพิ่มเงินสนับสนุนต้นทุนปลูกข้าว, ระบบแพทย์ 24 ชั่วโมง"
ไทยสร้างไทย,39,Thai Sang Thai,false,#7856EC,พรรค,,,,,,,,,,,,,,,,%E0%B9%84%E0%B8%97%E0%B8%A2%E0%B8%AA%E0%B8%A3%E0%B9%89%E0%B8%B2%E0%B8%87%E0%B9%84%E0%B8%97%E0%B8%A2.png(https://sheets.wevis.info/download/noco/They-Work-For-Us/Parties/Images/GQkhI7bT0DS8MS-7BJ.png),"ยกเลิกเกณฑ์ทหาร ตัดลดงบซื้ออาวุธ, ปราบยาเสพติด, เรียนฟรีจบปริญญาตรี ลดเวลาเรียน เพิ่มคุณภาพการศึกษา, โครงการ More WIP (More Women in Politics), ตั้ง “ศูนย์พัฒนา ศักยภาพผู้หญิง Woman Care”, สมรสเท่าเทียม ใช้คำนำหน้าตามเพศวิถี ต้องได้ใช้, ปราบคอร์รัปชันจริงจังในทุกภาคส่วน, มีเส้นตายการสืบสวนสอบสวนและการพิจารณาคดีทุจริต, ลงโทษหนักในคดีทุจริต, การแจ้งเบาะแสเรื่องทุจริต จะต้องสะดวกง่ายดายและเป็นความลับ, เสรีภาพของสื่อมวลชนต้องได้รับการรับรองและคุ้มครองอย่างเต็มที่, นำเทคโนโลยีดิจิทัลเข้ามาช่วย เพื่อป้องกันการโกง, ให้อำนาจประชาชนผ่านสภาชุมชนกำหนดงบประมาณและตรวจสอบการใช้งบประมาณ, หวยบำเหน็จ, รัฐธรรมนูญประชาชนฉบับต้านรัฐประหาร, สร้างรัฐธรรมนูญฉบับประชาชน ขจัดระบบอำนาจ นิยมและรัฐราชการ
, นโยบายบำนาญประชาชน 3,000 บาท -03 รับผู้สูงวัยเข้าทำงาน, จัดตั้ง “กองทุนสร้างไทย” ขึ้นมา โดย จะพักหนี้ 3 ปี พักดอกเบี้ย 2 ปี, แก้หนี้เติมทุนให้ผู้ประกอบการรายเล็กรายย่อยด้วย “กองทุนสร้างไทย” 300,000 ล้าน, กองทุน 'เครดิตประชาชนเพื่อคนตัวเล็ก', จัดตั้งกองทุนสำหรับแม่เลี้ยงเดี่ยว, สินค้าเกษตรราคาสูง เกษตรกรกำหนดราคาขายได้, รายได้ต่ำกว่าสามแสนบาทต่อปี ไม่ต้องเสียภาษี, งดการเก็บภาษีผู้ประกอบการ SMEs เป็นเวลา 3 ปี, การพักใช้กฎหมายที่เกี่ยวกับใบอนุญาต, ลดค่าไฟฟ้าทันที ให้เหลือไม่เกิน 3.5บาท/หน่วย, สร้างเศรษฐกิจบนจุดแข็งด้านอาหาร ท่องเที่ยว สุขภาพ, ตั้งกองทุน SMEs สตาร์ทอัพ วิสาหกิจชุมชน, กองทุนเครดิตประชาชน, สวัสดิการเด็กเดือนละ 3,000 บาท ตั้งแต่ในครรภ์ถึงอายุ 6 ปี, จัดตั้งรัฐบาลกับพรรคการเมืองที่มีเสียงรวมกันเกินกึ่งหนึ่งของสภาฯ, บูรณาการนโยบายที่แต่ละพรรคใช้หาเสียง, จัดประชามติทำรัฐธรรมนูญฉบับใหม่, สนับสนุนการพูดคุยสันติภาพในชายแดนใต้, กระจายอำนาจสู่ท้องถิ่น, ส่งเสริมสิทธิมนุษยชนและการรวมกลุ่มของประชาชน, กำกับดูแลการใช้อำนาจในทางมิชอบ, สนับสนุนความเท่าเทียมทางเพศ, บำนาญประชาชนเดือนละ 3,000 บาท และเข้าร่วมโปรแกรมสุขภาพ, ยกระดับ 30 บาทรักษาทุกโรคพลัส, หมอบนมือถือ 24 ชั่วโมง"
ไทยภักดี,41,Thaipakdee,false,#FFF177,พรรค,,,,2021-08-24,,,,,,,,,,,,%E0%B9%84%E0%B8%97%E0%B8%A2%E0%B8%A0%E0%B8%B1%E0%B8%81%E0%B8%94%E0%B8%B5.png(https://sheets.wevis.info/download/noco/They-Work-For-Us/Parties/Images/VN7bjgg2xbg_de1Zit.png),"จัดตั้งรัฐบาลกับพรรคการเมืองที่มีเสียงรวมกันเกินกึ่งหนึ่งของสภาฯ, บูรณาการนโยบายที่แต่ละพรรคใช้หาเสียง, จัดประชามติทำรัฐธรรมนูญฉบับใหม่, สนับสนุนการพูดคุยสันติภาพในชายแดนใต้, กระจายอำนาจสู่ท้องถิ่น, ส่งเสริมสิทธิมนุษยชนและการรวมกลุ่มของประชาชน, กำกับดูแลการใช้อำนาจในทางมิชอบ, สนับสนุนความเท่าเทียมทางเพศ, ปกป้องสถาบันชาติศาสนา พระมหากษัตริย์, ปราบโกง, ปฏิวัติโครงสร้างการผลิตพลังงานสะอาด, พลังงานราคาถูก, ปลดหนี้เกษตรกรภายใน 3 ปี, ซิมอินเทอร์เน็ตความเร็วสูงเดือนละ 100 บาท, น้ำเพื่อการเกษตรผ่านระบบท่อ, นิรโทษกรรมที่ดินทำกินของเกษตรกร, ลอตเตอรี่ใบละ 80 บาท, ให้สิทธิ์ทุกสิทธิ์ในการรักษาพยาบาลที่เท่าเทียม, ให้สวัสดิการกู้ภัยเท่า อสม., เพิ่มอาคารรักษาผู้ป่วยให้เตียงเพียงพอ, กระจายอำนาจสู่การปกครองส่วนท้องถิ่น"
ความหวังใหม่,42,New Aspiration,false,#CCD8DD,พรรค,,,,,,,,,,,,,,,,%E0%B8%84%E0%B8%A7%E0%B8%B2%E0%B8%A1%E0%B8%AB%E0%B8%A7%E0%B8%B1%E0%B8%87%E0%B9%83%E0%B8%AB%E0%B8%A1%E0%B9%88.jpg(https://sheets.wevis.info/download/noco/They-Work-For-Us/Parties/Images/%E0%B8%84%E0%B8%A7%E0%B8%B2%E0%B8%A1%E0%B8%AB%E0%B8%A7%E0%B8%B1%E0%B8%87%E0%B9%83%E0%B8%AB%E0%B8%A1%E0%B9%88.jpg),"บูรณาการนโยบายที่แต่ละพรรคใช้หาเสียง, จัดตั้งรัฐบาลกับพรรคการเมืองที่มีเสียงรวมกันเกินกึ่งหนึ่งของสภาฯ, จัดประชามติทำรัฐธรรมนูญฉบับใหม่, สนับสนุนการพูดคุยสันติภาพในชายแดนใต้, กระจายอำนาจสู่ท้องถิ่น, ส่งเสริมสิทธิมนุษยชนและการรวมกลุ่มของประชาชน, กำกับดูแลการใช้อำนาจในทางมิชอบ, สนับสนุนความเท่าเทียมทางเพศ, ยกเลิกหนี้สินเกษตรกรด้วยกองทุนฟื้นฟูชีวิตเกษตรกร"
ประชากรไทย,43,Thai Citizen,false,#065AFC,พรรค,,,,,,,,,,,,,,,,%E0%B8%9B%E0%B8%A3%E0%B8%B0%E0%B8%8A%E0%B8%B2%E0%B8%81%E0%B8%A3%E0%B9%84%E0%B8%97%E0%B8%A2.jpg(https://sheets.wevis.info/download/noco/They-Work-For-Us/Parties/Images/%E0%B8%9B%E0%B8%A3%E0%B8%B0%E0%B8%8A%E0%B8%B2%E0%B8%81%E0%B8%A3%E0%B9%84%E0%B8%97%E0%B8%A2.jpg),"ค่าครองชีพ 3,000 บาท/ครัวเรือน, ผู้สูงอายุเดือนละ 3,000 บาท, สูญเสียชีวิตทุกกรณี 50,000 บาท, เรียนฟรีถึงระดับปริญญาตรี, พัฒนาอุตสาหกรรมการเกษตร, พัฒนาอุตสาหกรรมการท่องเที่ยว, พัฒนาอุตสาหกรรมธุรกิจ, ผู้ป่วยติดเตียงและผู้พิการ 6,000 บาท/เดือน"
เครือข่ายชาวนาแห่งประเทศไทย,44,The Farmer Network of Thailand,false,#CCD8DD,พรรค,,,,,,,,,,,,,,,,%E0%B9%80%E0%B8%84%E0%B8%A3%E0%B8%B7%E0%B8%AD%E0%B8%82%E0%B9%88%E0%B8%B2%E0%B8%A2%E0%B8%8A%E0%B8%B2%E0%B8%A7%E0%B8%99%E0%B8%B2%E0%B9%81%E0%B8%AB%E0%B9%88%E0%B8%87%E0%B8%9B%E0%B8%A3%E0%B8%B0%E0%B9%80%E0%B8%97%E0%B8%A8%E0%B9%84%E0%B8%97%E0%B8%A2.jpg(https://sheets.wevis.info/download/noco/They-Work-For-Us/Parties/Images/%E0%B9%80%E0%B8%84%E0%B8%A3%E0%B8%B7%E0%B8%AD%E0%B8%82%E0%B9%88%E0%B8%B2%E0%B8%A2%E0%B8%8A%E0%B8%B2%E0%B8%A7%E0%B8%99%E0%B8%B2%E0%B9%81%E0%B8%AB%E0%B9%88%E0%B8%87%E0%B8%9B%E0%B8%A3%E0%B8%B0%E0%B9%80%E0%B8%97%E0%B8%A8%E0%B9%84%E0%B8%97%E0%B8%A2.jpg),
เพื่อแผ่นดิน,45,,false,#CCD8DD,พรรค,,,,,,,,,,,,,,,,%E0%B9%80%E0%B8%9E%E0%B8%B7%E0%B9%88%E0%B8%AD%E0%B9%81%E0%B8%9C%E0%B9%88%E0%B8%99%E0%B8%94%E0%B8%B4%E0%B8%99.jpg(https://sheets.wevis.info/download/noco/They-Work-For-Us/Parties/Images/%E0%B9%80%E0%B8%9E%E0%B8%B7%E0%B9%88%E0%B8%AD%E0%B9%81%E0%B8%9C%E0%B9%88%E0%B8%99%E0%B8%94%E0%B8%B4%E0%B8%99.jpg),
อนาคตไทย,46,Thailand 's Future,false,#CCD8DD,พรรค,,,,,,,,,,,,,,,,%E0%B8%AD%E0%B8%99%E0%B8%B2%E0%B8%84%E0%B8%95%E0%B9%84%E0%B8%97%E0%B8%A2.jpg(https://sheets.wevis.info/download/noco/They-Work-For-Us/Parties/Images/%E0%B8%AD%E0%B8%99%E0%B8%B2%E0%B8%84%E0%B8%95%E0%B9%84%E0%B8%97%E0%B8%A2.jpg),"ชุมชนยั่งยืน ปลอดฝุ่น PM 2.5 100% Zero Waste, พักชำระหนี้ 5 ปี ฟรีดอกเบี้ย, กองทุนนวัตกร 300,000 บาท/ปี, มาตรการป้องกันและปราบปรามยาเสพติดหยุดกัญชาเสรี, กองทุนธุรกิจรายย่อย 50,000 บาท ร้านโชว์ห่วยให้เข้มแข็ง, เบี้ยครัวเรือน 6,000 บาท/เดือน ครอบครัวที่มีบุตรคนที่ 2 ขึ้นไป, เพิ่มพื้นที่สีเขียว 60 ตร.ม./คน, 3,000 บาท/เดือน ให้ผู้ป่วยติดเตียง"
สังคมประชาธิปไตยไทย,47,Thai Social Democratic,false,#CCD8DD,พรรค,,,,,,,,,,,,,,,,%E0%B8%AA%E0%B8%B1%E0%B8%87%E0%B8%84%E0%B8%A1%E0%B8%9B%E0%B8%A3%E0%B8%B0%E0%B8%8A%E0%B8%B2%E0%B8%98%E0%B8%B4%E0%B8%9B%E0%B9%84%E0%B8%95%E0%B8%A2%E0%B9%84%E0%B8%97%E0%B8%A2.jpg(https://sheets.wevis.info/download/noco/They-Work-For-Us/Parties/Images/%E0%B8%AA%E0%B8%B1%E0%B8%87%E0%B8%84%E0%B8%A1%E0%B8%9B%E0%B8%A3%E0%B8%B0%E0%B8%8A%E0%B8%B2%E0%B8%98%E0%B8%B4%E0%B8%9B%E0%B9%84%E0%B8%95%E0%B8%A2%E0%B9%84%E0%B8%97%E0%B8%A2.jpg),"ขจัดการทุจริตคอร์รัปชั่น, แก้ปัญหาความเหลื่อมล้ำ, จัดสวัสดิการสังคมแบบถ้วนหน้า, การศึกษาฟรีถึงปริญญาตรี, รักษาฟรีทุกโรค, ขยายเพิ่มสิทธิประกันสังคม, สร้างโรงพยาบาล, ธนาคารแรงงาน, ปฏิรูปที่ดินและปลดหนี้สินที่ไม่เป็นธรรมให้เกษตรกร, ส่งเสริมคุ้มครองระบบสหกรณ์ ส่งเสริมการรวมตัวของประชาชน, หยุดแปรรูปรัฐวิสาหกิจ, ปรับค่าจ้าง และทำโครงสร้างค่าจ้าง, ลาคลอด 180 วัน, ยกเลิกการจ้างงานชั่วคราว, จัดเก็บภาษีก้าวหน้า"
ประชาสามัคคี,48,Harmony People,false,#CCD8DD,พรรค,,,,,,,,,,,,,,,,%E0%B8%9B%E0%B8%A3%E0%B8%B0%E0%B8%8A%E0%B8%B2%E0%B8%AA%E0%B8%B2%E0%B8%A1%E0%B8%B1%E0%B8%84%E0%B8%84%E0%B8%B5.png(https://sheets.wevis.info/download/noco/They-Work-For-Us/Parties/Images/qY9Z83pPYRu-RzPh0S.png),
พลังบูรพา,49,Palang Burapha,false,#CCD8DD,พรรค,,,เดิมชื่อพรรคพลังชน,,,,,,,,,,,,,,
พลังสหกรณ์,50,Cooperative Power,false,#CCD8DD,พรรค,,,,,,,,,,,,,,,,%E0%B8%9E%E0%B8%A5%E0%B8%B1%E0%B8%87%E0%B8%AA%E0%B8%AB%E0%B8%81%E0%B8%A3%E0%B8%93%E0%B9%8C.jpg(https://sheets.wevis.info/download/noco/They-Work-For-Us/Parties/Images/%E0%B8%9E%E0%B8%A5%E0%B8%B1%E0%B8%87%E0%B8%AA%E0%B8%AB%E0%B8%81%E0%B8%A3%E0%B8%93%E0%B9%8C.jpg),"ฟื้นฟูระบบเศรษฐกิจด้วยวิถีชีวิตสหกรณ์, สวัสดิการแห่งรัฐ เกิด แก่ เจ็บ ตายมีค่าจัดการศพขั้นต่ำ 5,000 บาท, แก้กฎหมายปราบโกง, สนับสนุนเรียนฟรีจนถึงปริญญาตรี, สนับสนุนจัดตั้ง สำนักงานกำกับดูแลและส่งเสริมกิจการสหกรณ์, จัดให้มีการขึ้นทะเบียนผู้ค้าออนไลน์ ทั้งบุคคล และนิติบุคคล, แก้กฎหมายสหกรณ์, แก้ไข พรบ.ป่าไม้"
ถิ่นกาขาวชาววิไล,51,Thinkakhao Chaovilai,false,#CCD8DD,พรรค,,,,,,,,,,,,,,,,%E0%B8%96%E0%B8%B4%E0%B9%88%E0%B8%99%E0%B8%81%E0%B8%B2%E0%B8%82%E0%B8%B2%E0%B8%A7%E0%B8%8A%E0%B8%B2%E0%B8%A7%E0%B8%A7%E0%B8%B4%E0%B9%84%E0%B8%A5.jpg(https://sheets.wevis.info/download/noco/They-Work-For-Us/Parties/Images/%E0%B8%96%E0%B8%B4%E0%B9%88%E0%B8%99%E0%B8%81%E0%B8%B2%E0%B8%82%E0%B8%B2%E0%B8%A7%E0%B8%8A%E0%B8%B2%E0%B8%A7%E0%B8%A7%E0%B8%B4%E0%B9%84%E0%B8%A5.jpg),"จัดตั้งรัฐบาลกับพรรคการเมืองที่มีเสียงรวมกันเกินกึ่งหนึ่งของสภาฯ, บูรณาการนโยบายที่แต่ละพรรคใช้หาเสียง, จัดประชามติทำรัฐธรรมนูญฉบับใหม่, สนับสนุนการพูดคุยสันติภาพในชายแดนใต้, กระจายอำนาจสู่ท้องถิ่น, ส่งเสริมสิทธิมนุษยชนและการรวมกลุ่มของประชาชน, กำกับดูแลการใช้อำนาจในทางมิชอบ, สนับสนุนความเท่าเทียมทางเพศ, ส่งเสริมและสนับสนุนให้มีวิชาศีลธรรมจริยธรรมอยู่ในหลักสูตรทุกระดับ, ส่งเสริมและสนับสนุนโครงการหมู่บ้านรักษาศีล 5 และโครงการวัด ประชา รัฐ สร้างสุข, เร่งปัญหาที่ดินสำนักสงฆ์ที่ธรณีสงฆ์วัดร้างที่มีปัญหาให้ออกโฉนดที่ดินได้เร็ว, ส่งเสริมสนับสนุนจัดตั้งฝ่ายกฎหมายทุกจังหวัดสำหรับคณะสงฆ์, ส่งเสริมและสนับสนุนประเพณีทางศาสนาและวัฒนธรรมเชิงท่องเที่ยว, ผลักดันให้มีการจัดตั้งกระทรวงการศาสนา"
รักษ์ธรรม,52,Rakstham,false,#CCD8DD,พรรค,,,,,,,,,,,,,,,,%E0%B8%A3%E0%B8%B1%E0%B8%81%E0%B8%A9%E0%B9%8C%E0%B8%98%E0%B8%A3%E0%B8%A3%E0%B8%A1.jpg(https://sheets.wevis.info/download/noco/They-Work-For-Us/Parties/Images/%E0%B8%A3%E0%B8%B1%E0%B8%81%E0%B8%A9%E0%B9%8C%E0%B8%98%E0%B8%A3%E0%B8%A3%E0%B8%A1.jpg),
พลังประชาธิปไตย,53,Democratic Force,false,#CCD8DD,พรรค,,,,,,,,,,,,,,,,%E0%B8%9E%E0%B8%A5%E0%B8%B1%E0%B8%87%E0%B8%9B%E0%B8%A3%E0%B8%B0%E0%B8%8A%E0%B8%B2%E0%B8%98%E0%B8%B4%E0%B8%9B%E0%B9%84%E0%B8%95%E0%B8%A2.jpg(https://sheets.wevis.info/download/noco/They-Work-For-Us/Parties/Images/%E0%B8%9E%E0%B8%A5%E0%B8%B1%E0%B8%87%E0%B8%9B%E0%B8%A3%E0%B8%B0%E0%B8%8A%E0%B8%B2%E0%B8%98%E0%B8%B4%E0%B8%9B%E0%B9%84%E0%B8%95%E0%B8%A2.jpg),"จัดตั้งกระทรวงศาสนา กรมพุทธศาสนา กรมมุสลิม กรมคริสตจักร และอื่นๆ, เด็กและคนชราต้องมีเงินเดือน ดูแลตั้งแต่ตั้งครรภ์ จนถึงเสียชีวิต, เพิ่มเงินเดือนคนพิการ 10,000 บาท/เดือน, ลดภาษี SME, ส่งเสริมการท่องเที่ยว และเรียนรู้ภาษาต่างประเทศเพื่อนำไทยสู่สากล, ประกันชีวิตทุกคนที่เป็นคนไทย วงเงินประกัน 200,000 บาท/คน, ส่งเสริมการแปรรูปสินค้าเกษตรครบวงจร, พลิกโฉมการเชื่อมระบบการขนส่งทะเลไทย"
ภราดรภาพ,54,Paradonraphab,false,#CCD8DD,พรรค,,,,,,,,,,,,,,,,%E0%B8%A0%E0%B8%A3%E0%B8%B2%E0%B8%94%E0%B8%A3%E0%B8%A0%E0%B8%B2%E0%B8%9E.jpg(https://sheets.wevis.info/download/noco/They-Work-For-Us/Parties/Images/%E0%B8%A0%E0%B8%A3%E0%B8%B2%E0%B8%94%E0%B8%A3%E0%B8%A0%E0%B8%B2%E0%B8%9E.jpg),
พลังไทยรักชาติ,55,Palang Thai Rak Chart,false,#CCD8DD,พรรค,,,,,,,,,,,,,,,,%E0%B8%9E%E0%B8%A5%E0%B8%B1%E0%B8%87%E0%B9%84%E0%B8%97%E0%B8%A2%E0%B8%A3%E0%B8%B1%E0%B8%81%E0%B8%8A%E0%B8%B2%E0%B8%95%E0%B8%B4.jpg(https://sheets.wevis.info/download/noco/They-Work-For-Us/Parties/Images/%E0%B8%9E%E0%B8%A5%E0%B8%B1%E0%B8%87%E0%B9%84%E0%B8%97%E0%B8%A2%E0%B8%A3%E0%B8%B1%E0%B8%81%E0%B8%8A%E0%B8%B2%E0%B8%95%E0%B8%B4.jpg),"แก้ไขปัญหาราคาน้ำมันและแก๊สหุงต้มซึ่งแพงเกินความเป็นจริงให้ถูกลง, แก้ไขปัญหาที่ดินทำกินและที่อยู่อาศัยของคนไทย, เรียนฟรีตั้งแต่อนุบาลถึงปริญญาตรี, ผู้สูงอายุ 60 ปีขึ้นไป รับบำนาญ 4,000 บาท ตลอดชีพ, ประชาชนคนไทยรักษาฟรี เพียงยื่นบัตรประชาชนใบเดียว, พัฒนาแหล่งน้ำ (ห้วย หนอง คลองบึง) ทั่วประเทศ, ป้องกันและปราบปรามยาเสพติดทุกชนิดให้หมดไปอย่างเข้มแข็งและจริงจัง, ฟื้นฟูและพัฒนาระบบเศรษฐกิจทุกประเภทให้ขับเคลื่อนได้อย่างมีประสิทธิภาพ"
ช่วยชาติ,56,Save The Nation,false,#CCD8DD,พรรค,,,เดิมชื่อพรรคเพื่อชีวิตใหม่,,,,,,,,,,,,,,"จัดตั้งรัฐบาลกับพรรคการเมืองที่มีเสียงรวมกันเกินกึ่งหนึ่งของสภาฯ, บูรณาการนโยบายที่แต่ละพรรคใช้หาเสียง, จัดประชามติทำรัฐธรรมนูญฉบับใหม่, สนับสนุนการพูดคุยสันติภาพในชายแดนใต้, กระจายอำนาจสู่ท้องถิ่น, ส่งเสริมสิทธิมนุษยชนและการรวมกลุ่มของประชาชน, ฟื้นฟูทรัพยากรธรรมชาติ, กำกับดูแลการใช้อำนาจในทางมิชอบ, สนับสนุนความเท่าเทียมทางเพศ, เชิดชูสถาบันชาติ ศาสน์ กษัตริย์
, แก้ไขรัฐธรรมนูญให้ ""ศาสนาพุทธเป็นศาสนาประจำชาติ"", สร้างโอกาสเด็กเยาวชนสู่กีฬาอาชีพ, พัฒนาเศรษฐกิจฐานรากสู่ความยั่งยืน, ปลดโซ่ตรวนท้องถิ่น จากพันธนาการที่ฉุดรั้งศักยภาพคนท้องถิ่น, ลดความเหลื่อมล้ำ กระจายทรัพยากรอย่างเป็นธรรม, จัดสวัสดิการถ้วนหน้า, ส่งเสริมการท่องเที่ยวเชิงอนุรักษ์/วิถีชุมชน/วัฒนธรรมประเพณี, ตั้งกระทรวงศาสนา"
ทางเลือกใหม่,57,New Alternative,false,,พรรค,,,,,,,,,,,,,,,,%E0%B8%97%E0%B8%B2%E0%B8%87%E0%B9%80%E0%B8%A5%E0%B8%B7%E0%B8%AD%E0%B8%81%E0%B9%83%E0%B8%AB%E0%B8%A1%E0%B9%88.jpg(https://sheets.wevis.info/download/noco/They-Work-For-Us/Parties/Images/%E0%B8%97%E0%B8%B2%E0%B8%87%E0%B9%80%E0%B8%A5%E0%B8%B7%E0%B8%AD%E0%B8%81%E0%B9%83%E0%B8%AB%E0%B8%A1%E0%B9%88.jpg),"เงินทุนเจ้าบ้าน สิทธิในการกู้เงินโดยไม่ต้องค้ำประกัน ครัวเรือนละ 36,000 บาท"
พลเมืองไทย,58,Ponlamuang Thai,false,,พรรค,,,,,,,,,,,,,,,,%E0%B8%9E%E0%B8%A5%E0%B9%80%E0%B8%A1%E0%B8%B7%E0%B8%AD%E0%B8%87%E0%B9%84%E0%B8%97%E0%B8%A2.jpg(https://sheets.wevis.info/download/noco/They-Work-For-Us/Parties/Images/%E0%B8%9E%E0%B8%A5%E0%B9%80%E0%B8%A1%E0%B8%B7%E0%B8%AD%E0%B8%87%E0%B9%84%E0%B8%97%E0%B8%A2.jpg),
สร้างอนาคตไทย,59,Futurise Thailand,false,,พรรค,,,,,,,,,,,,,,,,%E0%B8%AA%E0%B8%A3%E0%B9%89%E0%B8%B2%E0%B8%87%E0%B8%AD%E0%B8%99%E0%B8%B2%E0%B8%84%E0%B8%95%E0%B9%84%E0%B8%97%E0%B8%A2.png(https://sheets.wevis.info/download/noco/They-Work-For-Us/Parties/Images/iA7-3J84fhDUvHKJIu.png),
ไทยธรรม,64,Thai Morality,false,,พรรค,,,,,,,,,,,,,,,,%E0%B9%84%E0%B8%97%E0%B8%A2%E0%B8%98%E0%B8%A3%E0%B8%A3%E0%B8%A1.jpg(https://sheets.wevis.info/download/noco/They-Work-For-Us/Parties/Images/%E0%B9%84%E0%B8%97%E0%B8%A2%E0%B8%98%E0%B8%A3%E0%B8%A3%E0%B8%A1.jpg),"เงินทุนสร้างอาชีพ 1 แสนบาทต่อ 1 อาชีพ อายุ 18 ปี ขึ้นไปกู้ได้, ยกเลิกการปรับเครดิตบูโร ปลดปล่อยให้ทุกคนมีโอกาสสร้างงาน, สวัสดิการเบี้ยบำนาญคนชราทุกคน 4,000 บาทต่อเดือน, เจ้าบ้านในทะเบียนบ้านสามารถประกันตัวบุคคลในครอบครัว ด้วยวงเงิน 1 แสนบาท"
พลังไทรุ่งเรือง,65,Glory Thai Power,false,,พรรค,,,เดิมชื่อสยามพัฒนา,,,,,,,,,,,,,%E0%B8%9E%E0%B8%A5%E0%B8%B1%E0%B8%87%E0%B9%84%E0%B8%97%E0%B8%A3%E0%B8%B8%E0%B9%88%E0%B8%87%E0%B9%80%E0%B8%A3%E0%B8%B7%E0%B8%AD%E0%B8%87.png(https://sheets.wevis.info/download/noco/They-Work-For-Us/Parties/Images/lBMfzC0RKK_AoOkSfN.png),
ไทยพร้อม,66,Thai Prompt,false,,พรรค,,,เดิมชื่อไทยพัฒนา,,,,,,,,,,,,,,"เลือกผู้ว่านำร่องบางจังหวัด, ปลดหนี้ประชาชน ปลดหนี้ประเทศไทย, แก้ปัญหา PM 2.5 เป็นวาระแห่งชาติ, การศึกษาใช้ technoloy AI เข้ามาเสริม, ภาครัฐต้องเป็นผู้ลงทุน นำนักท่องเที่ยวคุณภาพเข้าประเทศ"
เพื่อราษฎร,67,All Progressive People 's,false,,พรรค,,,เดิมชื่อพรรคสุจริตชน,,,,,,,,,,,,,%E0%B9%80%E0%B8%9E%E0%B8%B7%E0%B9%88%E0%B8%AD%E0%B8%A3%E0%B8%B2%E0%B8%A9%E0%B8%8E%E0%B8%A3.png(https://sheets.wevis.info/download/noco/They-Work-For-Us/Parties/Images/cVN5a8N01wB2tAe99J.png),
แผ่นดินธรรรม,68,The Land of Dharma,false,,พรรค,,,,,,,,,,,,,,,,%E0%B9%81%E0%B8%9C%E0%B9%88%E0%B8%99%E0%B8%94%E0%B8%B4%E0%B8%99%E0%B8%98%E0%B8%A3%E0%B8%A3%E0%B8%A1.png(https://sheets.wevis.info/download/noco/They-Work-For-Us/Parties/Images/OoI0HJt4KZM918_UkZ.png),
คลองไทย,69,Klong Thai,false,,พรรค,,,,,,,,,,,,,,,,%E0%B8%84%E0%B8%A5%E0%B8%AD%E0%B8%87%E0%B9%84%E0%B8%97%E0%B8%A2.jpg(https://sheets.wevis.info/download/noco/They-Work-For-Us/Parties/Images/%E0%B8%84%E0%B8%A5%E0%B8%AD%E0%B8%87%E0%B9%84%E0%B8%97%E0%B8%A2.jpg),"สร้างโครงการคลองไทย, พัฒนาแหล่งน้ําทั่วประเทศ, ส่งเสริมอาชีพทุกอาชีพ, ตั้งกองทุนปลดหนี้คนไทย, เรียนฟรีตั้งแต่ปฐมวัยถึงปริญญาเอก, ยกเลิกหนี้ กยศ., รักษาฟรีทุกโรคทุกโรงพยาบาล, ให้บํานาญคนไทยหกสิบปีขึ้นไปเดือนละหนึ่งหมื่นบาท"
พลังสังคม,70,Social Power,false,,พรรค,,,,,,,,,,,,,,,,%E0%B8%9E%E0%B8%A5%E0%B8%B1%E0%B8%87%E0%B8%AA%E0%B8%B1%E0%B8%87%E0%B8%84%E0%B8%A1.jpg(https://sheets.wevis.info/download/noco/They-Work-For-Us/Parties/Images/%E0%B8%9E%E0%B8%A5%E0%B8%B1%E0%B8%87%E0%B8%AA%E0%B8%B1%E0%B8%87%E0%B8%84%E0%B8%A1.jpg),"จัดตั้งรัฐบาลกับพรรคการเมืองที่มีเสียงรวมกันเกินกึ่งหนึ่งของสภาฯ, บูรณาการนโยบายที่แต่ละพรรคใช้หาเสียง, จัดประชามติทำรัฐธรรมนูญฉบับใหม่, สนับสนุนการพูดคุยสันติภาพในชายแดนใต้, กระจายอำนาจสู่ท้องถิ่น, ส่งเสริมสิทธิมนุษยชนและการรวมกลุ่มของประชาชน, กำกับดูแลการใช้อำนาจในทางมิชอบ, สนับสนุนความเท่าเทียมทางเพศ, ให้ความสำคัญ ป่าไม้ ต้นน้ำ เพื่อความอุดมสมบูรณ์, เพิ่มเงินสวัสดิการผู้พิทักษ์ป่า, ครอบครัวทหารผ่านศึก ให้มีสวัสดิการที่ปฏิบัติได้จริง, เน้นแผนลงทุนจังหวัดทั่วประเทศเพื่อสร้างงานสร้างรายได้ในท้องถิ่น, เพิ่มสินเชื่อในระบบเพื่อให้ธุรกิจขนาดเล็ก ขนาดกลาง เข้าถึงสินเชื่อโดยเท่าเทียมกัน, ปรับเปลี่ยน กยศ. เป็นกองทุนสวัสดิการเพื่อการศึกษา (กสศ.), ให้ปริญญาตรีเรียนฟรี"
พลังศรัทธา,71,Power of Faith,false,,พรรค,,,,,,,,,,,,,,,,%E0%B8%9E%E0%B8%A5%E0%B8%B1%E0%B8%87%E0%B8%A8%E0%B8%A3%E0%B8%B1%E0%B8%97%E0%B8%98%E0%B8%B2.jpg(https://sheets.wevis.info/download/noco/They-Work-For-Us/Parties/Images/%E0%B8%9E%E0%B8%A5%E0%B8%B1%E0%B8%87%E0%B8%A8%E0%B8%A3%E0%B8%B1%E0%B8%97%E0%B8%98%E0%B8%B2.jpg),
เป็นธรรม,72,Fair,false,,พรรค,,,เดิมชื่อพรรคกลาง,,,,,,,,,,,,,%E0%B9%80%E0%B8%9B%E0%B9%87%E0%B8%99%E0%B8%98%E0%B8%A3%E0%B8%A3%E0%B8%A1.png(https://sheets.wevis.info/download/noco/They-Work-For-Us/Parties/Images/MFsb7ep8_CGtzt6aYQ.png),"พัฒนาเศรษฐกิจชายแดน, สร้างงาน สร้างเศรษฐกิจ สร้างรายได้, สร้างสันติภาพในปาตานี, ยกเลิกกฎหมายพิเศษทุกฉบับที่ใช้ในปาตานี, จัดตั้งรัฐบาลกับพรรคการเมืองที่มีเสียงรวมกันเกินกึ่งหนึ่งของสภาฯ, บูรณาการนโยบายที่แต่ละพรรคใช้หาเสียง, แก้ไขกฎหมายความมั่นคง, จัดประชามติทำรัฐธรรมนูญฉบับใหม่, ร่างรัฐธรรมนูญใหม่ทั้งฉบับ, สนับสนุนการพูดคุยสันติภาพในชายแดนใต้, กระจายอำนาจสู่ท้องถิ่น, ปฎิรูปกระบวนการยุติธรรม, ปฎิรูปกองทัพ, ส่งเสริมสิทธิมนุษยชนและการรวมกลุ่มของประชาชน, กำกับดูแลการใช้อำนาจในทางมิชอบ, สนับสนุนความเท่าเทียมทางเพศ, ยุบการปกครองส่วนภูมิภาค, ผู้ว่าราชการจังหวัดมาจากการเลือกตั้ง, ถอนทหารออกจากพื้นที่ปาตานี, ยกเลิกการเกณฑ์ทหาร, ยุบ ศอ.บต.และกอ.รมน., สร้างรัฐสวัสดิการถ้วนหน้า, เบี้ยพัฒนาคุณภาพชีวิตเด็ก, เรียนฟรีมีเงินอุดหนุน, ล้างหนี้กยศ., เพิ่มเบี้ยคนชราและพิการ, เก็บภาษีในอัตราก้าวหน้า, ปฎิรูปที่ดิน, เก็บภาษีทรัพย์สินและมรดก, ขนส่งสาธารณะทั่วจังหวัดราคาถูก, ค่าน้ำ ค่าไฟ ในครัวเรือน 300 บาทแรกฟรี"
พลังเพื่อไทย,73,Power Thai,false,,พรรค,,,,,,,,,,,,,,,,%E0%B8%9E%E0%B8%A5%E0%B8%B1%E0%B8%87%E0%B9%80%E0%B8%9E%E0%B8%B7%E0%B9%88%E0%B8%AD%E0%B9%84%E0%B8%97%E0%B8%A2.png(https://sheets.wevis.info/download/noco/They-Work-For-Us/Parties/Images/2BUgmHT5zu3JPf_ntI.png),"ลดราคาน้ำมัน 10 + + + (ลดค่าครองชีพ), บริหารจัดการราคาพืชผลทางการเกษตรให้เป็นธรรม, เร่งรัดที่ดินทำกิน - สร้างอาชีพ, เร่งรัดบัตรประชาชนคนชายขอบ, นำทรัพย์สินทางปัญญาให้เป็นทุน, ปรับวิธีการรับราชการทหาร (ทหารเกณฑ์), นิรโทษกรรมอาวุธปืน"
ประชาไทย,74,Thai Population,false,,พรรค,,,,,,,,,,,,,,,,%E0%B8%9B%E0%B8%A3%E0%B8%B0%E0%B8%8A%E0%B8%B2%E0%B9%84%E0%B8%97%E0%B8%A2.jpg(https://sheets.wevis.info/download/noco/They-Work-For-Us/Parties/Images/%E0%B8%9B%E0%B8%A3%E0%B8%B0%E0%B8%8A%E0%B8%B2%E0%B9%84%E0%B8%97%E0%B8%A2.jpg),"จัดตั้งรัฐบาลกับพรรคการเมืองที่มีเสียงรวมกันเกินกึ่งหนึ่งของสภาฯ, บูรณาการนโยบายที่แต่ละพรรคใช้หาเสียง, จัดประชามติทำรัฐธรรมนูญฉบับใหม่, สนับสนุนการพูดคุยสันติภาพในชายแดนใต้, กระจายอำนาจสู่ท้องถิ่น, ส่งเสริมสิทธิมนุษยชนและการรวมกลุ่มของประชาชน, กำกับดูแลการใช้อำนาจในทางมิชอบ, สนับสนุนความเท่าเทียมทางเพศ, เพิ่มรัฐสวัสดิการ ชูธงคนสูงวัย หนุนคนรุ่นใหม่, เพิ่มเบี้ยยังชีพผู้สูงวัย 60 ปี ถ้วนหน้า 3,000 บาท/เดือน, เพิ่มค่าตอบแทน อสม. จิตอาสาเป็น 3,000 บาท/เดือน, กองทุนเถ้าแก่น้อย, ลดราคาพลังงานทั้งน้ำมันและก๊าซหุงต้ม, ปลดหนี้เกษตรคนละครึ่ง"
กรีน,75,Green,false,,พรรค,,,,,,,,,,,,,,,,%E0%B8%81%E0%B8%A3%E0%B8%B5%E0%B8%99.jpg(https://sheets.wevis.info/download/noco/They-Work-For-Us/Parties/Images/%E0%B8%81%E0%B8%A3%E0%B8%B5%E0%B8%99.jpg),
สามัญชน,76,Commoners,false,,พรรค,,,,,,,,,,,,,,,,%E0%B8%AA%E0%B8%B2%E0%B8%A1%E0%B8%B1%E0%B8%8D%E0%B8%8A%E0%B8%99.jpg(https://sheets.wevis.info/download/noco/They-Work-For-Us/Parties/Images/%E0%B8%AA%E0%B8%B2%E0%B8%A1%E0%B8%B1%E0%B8%8D%E0%B8%8A%E0%B8%99.jpg),"รัฐธรรมนูญใหม่จากประชาชน, กระจายอำนาจ, ปกป้องนักปกป้องสิทธิ ยกเลิกกฎหมายปิดกั้นเสรีภาพ, พรบ.อากาศสะอาด, ยกเลิกการสัมปทานทรัพยากร, นิรโทษกรรมประชาชนที่ได้รับผลกระทบจากนโยบายทวงคืนพื้นป่า, ยกเลิกทุนผูกขาด ส่งเสริมเศรษฐกิจชุมชน/สร้างสรรค์/นวัตกรรม, รัฐสวัสดิการ, สมรสเท่าเทียม ยืนยันเพศสภาพ, ยกเลิก พรบ.การปราบปรามการค้าประเวณี, ยุติความรุนแรงทางเพศ, งบประมาณที่มีความเป็นธรรมทางเพศและสัดส่วนเพศที่เท่าเทียม"
ภาคีเครือข่ายไทย,77,Thai Network,false,,พรรค,,,,,,,,,,,,,,,,%E0%B8%A0%E0%B8%B2%E0%B8%84%E0%B8%B5%E0%B9%80%E0%B8%84%E0%B8%A3%E0%B8%B7%E0%B8%AD%E0%B8%82%E0%B9%88%E0%B8%B2%E0%B8%A2%E0%B9%84%E0%B8%97%E0%B8%A2.jpg(https://sheets.wevis.info/download/noco/They-Work-For-Us/Parties/Images/%E0%B8%A0%E0%B8%B2%E0%B8%84%E0%B8%B5%E0%B9%80%E0%B8%84%E0%B8%A3%E0%B8%B7%E0%B8%AD%E0%B8%82%E0%B9%88%E0%B8%B2%E0%B8%A2%E0%B9%84%E0%B8%97%E0%B8%A2.jpg),"จัดตั้งหน่วยงาน One Stop Service แก้ไขปัญหาทั้งระบบ, สร้างรายได้ด้วยเครื่องมือออนไลน์ กับ โครงการ 1 Family 1 Shop, เปิด APP ธนาคารความดี บันทึกทุก ๆ ความดีใส่ระบบ / KYC แสดงตน"
รวมไทยยูไนเต็ด,78,Ruam Thai United,false,,พรรค,,,เดิมชื่อพรรคเพื่อไทยพัฒนา,,,,,,,,,,,,,%E0%B8%A3%E0%B8%A7%E0%B8%A1%E0%B9%84%E0%B8%97%E0%B8%A2%E0%B8%A2%E0%B8%B9%E0%B9%84%E0%B8%99%E0%B9%80%E0%B8%95%E0%B9%87%E0%B8%94.png(https://sheets.wevis.info/download/noco/They-Work-For-Us/Parties/Images/jR9d3ew0EAzbG3Lrrf.png),
คนงานไทย,79,Thai Workers,false,#E43B6E,พรรค,,,,,,,,,,,,,,,,%E0%B8%84%E0%B8%99%E0%B8%87%E0%B8%B2%E0%B8%99%E0%B9%84%E0%B8%97%E0%B8%A2.jpg(https://sheets.wevis.info/download/noco/They-Work-For-Us/Parties/Images/%E0%B8%84%E0%B8%99%E0%B8%87%E0%B8%B2%E0%B8%99%E0%B9%84%E0%B8%97%E0%B8%A2.jpg),"จัดตั้งรัฐบาลกับพรรคการเมืองที่มีเสียงรวมกันเกินกึ่งหนึ่งของสภาฯ, บูรณาการนโยบายที่แต่ละพรรคใช้หาเสียง, จัดประชามติทำรัฐธรรมนูญฉบับใหม่, สนับสนุนการพูดคุยสันติภาพในชายแดนใต้, กระจายอำนาจสู่ท้องถิ่น, ส่งเสริมสิทธิมนุษยชนและการรวมกลุ่มของประชาชน, กำกับดูแลการใช้อำนาจในทางมิชอบ, สนับสนุนความเท่าเทียมทางเพศ"
สร้างชาติ,80,,false,,พรรค,,,,,,,,,,,,,,,,%E0%B8%AA%E0%B8%A3%E0%B9%89%E0%B8%B2%E0%B8%87%E0%B8%8A%E0%B8%B2%E0%B8%95%E0%B8%B4.png(https://sheets.wevis.info/download/noco/They-Work-For-Us/Parties/Images/vexRFW-6cEOtejRH5n.png),
เพื่ออนาคตไทย,81,For The Thai Future,false,,พรรค,,,,,,,,,,,,,,,,%E0%B9%80%E0%B8%9E%E0%B8%B7%E0%B9%88%E0%B8%AD%E0%B8%AD%E0%B8%99%E0%B8%B2%E0%B8%84%E0%B8%95%E0%B9%84%E0%B8%97%E0%B8%A2.png(https://sheets.wevis.info/download/noco/They-Work-For-Us/Parties/Images/fpjORM14k6ksXVYNKu.png),"ส่งเสริมขยะเหลือใช้ให้เป็นพลังงานไฟฟ้า, ผู้สูงอายุมีเงินเดือน 3,000 บาท/เดือน, ส่งเสริมให้มีแหล่งน้ำให้เพียงพอในการอุปโภคบริโภคและใช้ในการเกษตร"
เส้นทางใหม่,82,New Direction,false,,พรรค,,,,,,,,,,,,,,,,%E0%B9%80%E0%B8%AA%E0%B9%89%E0%B8%99%E0%B8%97%E0%B8%B2%E0%B8%87%E0%B9%83%E0%B8%AB%E0%B8%A1%E0%B9%88.png(https://sheets.wevis.info/download/noco/They-Work-For-Us/Parties/Images/vvagRIKp1RILoAFYde.png),
ไทยรวมไทย,83,Thairuamthai,false,,พรรค,,,เดิมชื่อพรรคไทยชอบธรรม,,,,,,,,,,,,,%E0%B9%84%E0%B8%97%E0%B8%A2%E0%B8%A3%E0%B8%A7%E0%B8%A1%E0%B9%84%E0%B8%97%E0%B8%A2.png(https://sheets.wevis.info/download/noco/They-Work-For-Us/Parties/Images/dNn3Romd1IWJFvnZ8l.png),"จัดตั้งรัฐบาลกับพรรคการเมืองที่มีเสียงรวมกันเกินกึ่งหนึ่งของสภาฯ, บูรณาการนโยบายที่แต่ละพรรคใช้หาเสียง, จัดประชามติทำรัฐธรรมนูญฉบับใหม่, สนับสนุนการพูดคุยสันติภาพในชายแดนใต้, กระจายอำนาจสู่ท้องถิ่น, ส่งเสริมสิทธิมนุษยชนและการรวมกลุ่มของประชาชน, กำกับดูแลการใช้อำนาจในทางมิชอบ, สนับสนุนความเท่าเทียมทางเพศ, ปราบปรามยาเสพติด กำจัดการทุจริต, สนับสนุนความเท่าเทียมทางเพศ, กระจายอำนาจสู่ท้องถิ่น ยกระดับขึ้นเป็นกระทรวง, เกษตรใบสั่งผู้ปลูกพืชผล กำหนดราคาเอง, ส่งเสริมเศรษฐกิจชนบท สร้างงานสร้างอาชีพ เพิ่มรายได้, รัฐบาลดูแลผู้ป่วย คนตกงาน คนไม่รู้หนังสือด้อยโอกาส โดยจัดตั้งระบบสเตจฟาร์ม"
กล้า,84,Kla,false,#FBB514,พรรค,,,,,,,,,,,,,,,,,
ยุทธศาสตร์ชาติ,85,National Strategy,false,,พรรค,,,,,,,,,,,,,,,,,
พลังสังคมใหม่,86,Plung Sungkom Mai,false,,พรรค,,,,,,,,,,,,,,,,%E0%B8%9E%E0%B8%A5%E0%B8%B1%E0%B8%87%E0%B8%AA%E0%B8%B1%E0%B8%87%E0%B8%84%E0%B8%A1%E0%B9%83%E0%B8%AB%E0%B8%A1%E0%B9%88.png(https://sheets.wevis.info/download/noco/They-Work-For-Us/Parties/Images/iN-VMOD5Vay0JsdkWa.png),"จัดตั้งรัฐบาลกับพรรคการเมืองที่มีเสียงรวมกันเกินกึ่งหนึ่งของสภาฯ, บูรณาการนโยบายที่แต่ละพรรคใช้หาเสียง, จัดประชามติทำรัฐธรรมนูญฉบับใหม่, สนับสนุนการพูดคุยสันติภาพในชายแดนใต้, กระจายอำนาจสู่ท้องถิ่น, ส่งเสริมสิทธิมนุษยชนและการรวมกลุ่มของประชาชน, กำกับดูแลการใช้อำนาจในทางมิชอบ, สนับสนุนความเท่าเทียมทางเพศ, รายได้พื้นฐานถ้วนหน้า, กองทุนกู้วิกฤตธุรกิจ รายย่อย (แม่ค้ารายย่อย), แก้ไขปัญหาหนี้สินให้สมาชิกกองทุนฟื้นฟูและกลุ่มเกษตรกร, ปุ๋ยคนละครึ่งที่พึ่งเกษตรกร, เปลี่ยนที่ดิน ภบท.5-6-11 สปก.4-01เป็นโฉนดที่ดินให้เกษตรกร, ระบบสาธารณสุขแนวคิดบริการแบบใหม่, บัตรประชาชนใบเดียวรักษาฟรีทุกโรค, แยกท้องถิ่นออกจากระทรวงมหาดไทย, นิรโทษกรรม ผู้ติดเครดิตบูโร (แบล็คลิส)"
มิติใหม่,87,New Dimension,false,,พรรค,,,,,,,,,,,,,,,,%E0%B8%A1%E0%B8%B4%E0%B8%95%E0%B8%B4%E0%B9%83%E0%B8%AB%E0%B8%A1%E0%B9%88.png(https://sheets.wevis.info/download/noco/They-Work-For-Us/Parties/Images/_7Ooh7ZG94FJ04TTML.png),"จัดตั้งรัฐบาลกับพรรคการเมืองที่มีเสียงรวมกันเกินกึ่งหนึ่งของสภาฯ, บูรณาการนโยบายที่แต่ละพรรคใช้หาเสียง, จัดประชามติทำรัฐธรรมนูญฉบับใหม่, สนับสนุนการพูดคุยสันติภาพในชายแดนใต้, กระจายอำนาจสู่ท้องถิ่น, ส่งเสริมสิทธิมนุษยชนและการรวมกลุ่มของประชาชน, กำกับดูแลการใช้อำนาจในทางมิชอบ, สนับสนุนความเท่าเทียมทางเพศ, การศึกษาให้เรียนสัปดาห์ละ 3 วันและ 2 วัน ฝึกอาชีพ, จัดศูนย์จำหน่ายและกระจายสินค้าชุมชนสร้างรายได้, กักเก็บน้ำโครงการก้างปลา และ จัดโซนนิ่งเกษตรไม่กดราคาการผลิต, ส่งเสริมให้ได้รับสวัสดิการกองทุนสมทบส่งเสริมสิทธิความเท่าเทียมกัน, ส่งเสริมสนับสนุนการกีฬา, สนับสนุนสิทธิขั้นพื้นฐานสาธารณูปโภค, อนุรักษ์การเลี้ยงสัตว์เศรษฐกิจ"
ไทยสมาร์ท,88,Thai Smart,false,,พรรค,,,เดิมชื่อมวลชนสยาม,,,,,,,,,,,,,,"นำสมาร์ทเทคโนโลยีสร้างคนไทยให้สมาร์ท, เปลี่ยนเกษตรกรแบบเดิมเป็นสมาร์ทฟาร์เมอร์ที่ใช้เทคโนโลยีเป็นและเจาะตลาดโลกได้, ทลายกำแพงพ่อค้าคนกลางสร้างรายได้เข้าประเทศแทนการกู้, ยกระดับประเทศให้อยู่ในกลุ่มประเทศพัฒนาแล้ว, พลิกโฉมพลังงานลดราคาไฟฟ้า น้ำมัน, สนับสนุนสร้างเมืองอัจฉริยะ, ยกระดับคุณภาพการศึกษา, กำจัดยาเสพติด ทุจริตคอรัปชั่นทุกรูปแบบ, ใช้พลังงานทางเลือกที่ต้นทุนต่ำเป็นมิตรต่อสิ่งแวดล้อม, ส่งเสริมธุรกิจสตาร์ทอัพ ผลักดันให้เข้าถึงแหล่งเงินทุนได้"
เพื่อประชาชน,89,Pheu Prachachon,false,,พรรค,,,,,,,,,,,,,,,,%E0%B9%80%E0%B8%9E%E0%B8%B7%E0%B9%88%E0%B8%AD%E0%B8%9B%E0%B8%A3%E0%B8%B0%E0%B8%8A%E0%B8%B2%E0%B8%8A%E0%B8%99.png(https://sheets.wevis.info/download/noco/They-Work-For-Us/Parties/Images/B2ra0a1N-9NT_AdaYa.png),
พลังสยาม,90,Siamese Power,false,,พรรค,,,,,,,,,,,,,,,,%E0%B8%9E%E0%B8%A5%E0%B8%B1%E0%B8%87%E0%B8%AA%E0%B8%A2%E0%B8%B2%E0%B8%A1.png(https://sheets.wevis.info/download/noco/They-Work-For-Us/Parties/Images/ROAnzEQweAxfYTm-w7.png),"แก้ปัญหาสถานะบุคคล, แก้กฎหมายป่าไม้ ที่ทับที่อยู่ที่อาศัย ที่ทำกินและสถานที่ราชการท้องถิ่น, แก้ปัญหายาเสพติด, ส่งเสริม การมีส่วนร่วมในการอนุรักษ์ทรัพยากรดิน น้ำ ป่า, ส่งเสริม การรวมกลุ่ม เกษตรกรผ่านกลไกรัฐ เพื่อจัดตั้งเป็นสหกรณ์ วิสาหกิจชุมชน, ส่งเสริม การจัดตั้งกองทุนคุ้มครองสิทธิขั้นพื้นฐานในกระบวนการยุติธรรม"
แนวทางใหม่,91,The New Way,false,,พรรค,,,,,,,,,,,,,,,,%E0%B9%81%E0%B8%99%E0%B8%A7%E0%B8%97%E0%B8%B2%E0%B8%87%E0%B9%83%E0%B8%AB%E0%B8%A1%E0%B9%88.png(https://sheets.wevis.info/download/noco/They-Work-For-Us/Parties/Images/LSxkDGIOs1u6vWW3_C.png),"เรียนฟรีตั้งแต่อนุบาลจนจบปริญญาตรี, ตั้งครรภ์รับเดือนละ 1,000 บาทตลอด 9 เดือน, เงินบำนาญผู้สูงอายุ, ปรับค่าแรงเป็นวันละ 520 บาทต่อวัน, เลือกตั้งผู้ว่าราชการจังหวัดทั่วประเทศ, บัตรทองพรีเมี่ยมรักษาฟรีตรวจสุขภาพฟรี ทุกโรงพยาบาล"
เสมอภาค,92,Equality,false,,พรรค,,,,,,,,,,,,,,,,%E0%B9%80%E0%B8%AA%E0%B8%A1%E0%B8%AD%E0%B8%A0%E0%B8%B2%E0%B8%84.png(https://sheets.wevis.info/download/noco/They-Work-For-Us/Parties/Images/cq0hUVu-sM3QvvzlNS.png),"จัดตั้งรัฐบาลกับพรรคการเมืองที่มีเสียงรวมกันเกินกึ่งหนึ่งของสภาฯ, บูรณาการนโยบายที่แต่ละพรรคใช้หาเสียง, จัดประชามติทำรัฐธรรมนูญฉบับใหม่, สนับสนุนการพูดคุยสันติภาพในชายแดนใต้, กระจายอำนาจสู่ท้องถิ่น, ส่งเสริมสิทธิมนุษยชนและการรวมกลุ่มของประชาชน, กำกับดูแลการใช้อำนาจในทางมิชอบ, สนับสนุนความเท่าเทียมทางเพศ"
ไทยชนะ,93,Thaichana,false,,พรรค,,,,,,,,,,,,,,,,%E0%B9%84%E0%B8%97%E0%B8%A2%E0%B8%8A%E0%B8%99%E0%B8%B0.png(https://sheets.wevis.info/download/noco/They-Work-For-Us/Parties/Images/sfZR3zJyNAFw2EZMzJ.png),"ปราบปรามการทุจริตประพฤติมิชอบอย่างเข้มข้น
, ป้องกันก่อนเกิดโรคและรักษาก่อนป่วยหนัก, ปรับปรุงสวัสดิการสังคม, ปฏิรูปการศึกษาสร้างอาชีพ สร้างโอกาส, ปรับโครงสร้าง แก้กฎหมายทางธุรกิจเพื่อลดค่าใช้จ่าย, สร้างช่องทางทางการเงินที่หลากหลายกระจายความเจริญ-รายได้-และอำนาจสู่ท้องถิ่น, พัฒนาผืนดินให้สร้างคุณค่า"
เพื่อไทรวมพลัง,94,Peu Thai Rumphalang,false,,พรรค,,,,,,,,,,,,,,,,%E0%B9%80%E0%B8%9E%E0%B8%B7%E0%B9%88%E0%B8%AD%E0%B9%84%E0%B8%97%E0%B8%A3%E0%B8%A7%E0%B8%A1%E0%B8%9E%E0%B8%A5%E0%B8%B1%E0%B8%87.png(https://sheets.wevis.info/download/noco/They-Work-For-Us/Parties/Images/6b7swIIukXdBPyOl7o.png),"ปลดหนี้ กำหนดให้กองทุนฟื้นฟูและพัฒนาเกษตรกร เป็นเสมือน “โรงพยาบาลหนี้” ของเกษตรกร, หนี้คืนโดยปลอดดอกเบี้ย, เรียนฟรี ปริญญาตรีมีงานทำ, สร้างอาชีพในชุมชน ส่งเสริมธุรกิจ SME ธุรกิจออนไลน์, ลดความเหลื่อมล้ำ ปฏิรูปที่ทำกิน, สร้างนวัตกรรมเกษตรไทย, ยกระดับ อสม. ให้เป็นผู้ช่วยแพทย์แผนไทยประจำหมู่บ้าน"
ไทยสร้างสรรค์,95,Creative Thailand,false,,พรรค,,,,,,,,,,,,,,,,%E0%B9%84%E0%B8%97%E0%B8%A2%E0%B8%AA%E0%B8%A3%E0%B9%89%E0%B8%B2%E0%B8%87%E0%B8%AA%E0%B8%A3%E0%B8%A3%E0%B8%84%E0%B9%8C.png(https://sheets.wevis.info/download/noco/They-Work-For-Us/Parties/Images/rOlfzU9noUw1mqfJBN.png),
ราษฎร์วิถี,96,Rat Withi,false,,พรรค,,,เดิมชื่อเทิดไท,,,,,,,,,,,,,%E0%B8%A3%E0%B8%B2%E0%B8%A9%E0%B8%8E%E0%B8%A3%E0%B9%8C%E0%B8%A7%E0%B8%B4%E0%B8%96%E0%B8%B5.png(https://sheets.wevis.info/download/noco/They-Work-For-Us/Parties/Images/RfvlvAc--IJlvt7s7y.png),"พัฒนาระบบข้าราชการใหม่, ทหารเกณฑ์เงินเดือน 15,000 บาท, อำเภอละร้อยล้าน, ลดราคาน้ำมัน"
ไทยเป็นหนึ่ง,97,Thai To Be One,false,,พรรค,,,,,,,,,,,,,,,,%E0%B9%84%E0%B8%97%E0%B8%A2%E0%B9%80%E0%B8%9B%E0%B9%87%E0%B8%99%E0%B8%AB%E0%B8%99%E0%B8%B6%E0%B9%88%E0%B8%87.png(https://sheets.wevis.info/download/noco/They-Work-For-Us/Parties/Images/8OFcpcmhvedUFMuEL6.png),"10 มหานคร, ปรับปรุงระเบียบสถานบันเทิง, บุหรี่ไฟฟ้าถูกกฎหมาย, ล้างประวัติเครดิตบูโร, ล็อตเตอรี่ 50 บาท โควต้า 200 ล้านใบ, บัตรประชาชนรักษาทุกรพ.รัฐ, เรียนฟรีถึงปริญญาตรี, ค่าแรงกรรมกรวันละ 450 บาท, สวัสดิการเกษตรกร 2,000 บาท, พนักงานราชการเป็นข้าราชการ,ลูกจ้างรัฐวิสาหกิจ เป็นพนักงานของรัฐ, จัดตั้งกระทรวงท้องถิ่น, เพิ่มบำนาญ 3%, สวัสดิการนักการเมืองท้องถิ่น, ล้างภาษีคงค้างนิติบุคคล, ภาษีมูลค่าเพิ่ม 5%, เบี้ยผู้สูงอายุจ่ายวันที่ 1,11,21, ข้าวไม่จำกัด ความชื้นตันละ 10,000 บาท, ศูนย์ไกล่เกลี่ยทุกตำบล, ทนายประจำตัวทั่วไทย, สวัสดิการอสม. อปพร. กำนันผู้ใหญ่บ้าน 4,500 บาท"
ท้องที่ไทย,98,The Party Of Thai Counties,false,,พรรค,,,,,,,,,,,,,,,,%E0%B8%97%E0%B9%89%E0%B8%AD%E0%B8%87%E0%B8%97%E0%B8%B5%E0%B9%88%E0%B9%84%E0%B8%97%E0%B8%A2.png(https://sheets.wevis.info/download/noco/They-Work-For-Us/Parties/Images/Xn3QrhZtUSXXpt9dyc.png),"แก้ปัญหาที่ดินทำกิน, แก้ปัญหายาเสพติด, ดูแลปกป้องเจ้าหน้าที่รัฐ, เพิ่มเบี้ยผู้สูงอายุ, ปรับค่าตอบแทนกำนัน-ผู้ใหญ่บ้าน, มีสถาบันเพื่อพัฒนาคุณภาพชีวิตประชาชน, ให้ความรู้ต่อยอดการทำมาหากิน อาชีพต่างๆ, ช่วยทำข้าวให้มีราคาช่วยชาวนาให้มีกิน"
เปลี่ยนอนาคต,99,Change Future,false,,พรรค,,,,,,,,,,,,,,,,%E0%B9%80%E0%B8%9B%E0%B8%A5%E0%B8%B5%E0%B9%88%E0%B8%A2%E0%B8%99%E0%B8%AD%E0%B8%99%E0%B8%B2%E0%B8%84%E0%B8%95.png(https://sheets.wevis.info/download/noco/They-Work-For-Us/Parties/Images/mgCscUGISgj4kOqRiJ.png),"จัดตั้งรัฐบาลกับพรรคการเมืองที่มีเสียงรวมกันเกินกึ่งหนึ่งของสภาฯ, บูรณาการนโยบายที่แต่ละพรรคใช้หาเสียง, จัดประชามติทำรัฐธรรมนูญฉบับใหม่, สนับสนุนการพูดคุยสันติภาพในชายแดนใต้, กระจายอำนาจสู่ท้องถิ่น, ส่งเสริมสิทธิมนุษยชนและการรวมกลุ่มของประชาชน, กำกับดูแลการใช้อำนาจในทางมิชอบ, สนับสนุนความเท่าเทียมทางเพศ, ดูแลคนพิการและครอบครัวคนพิการ, สนับสนุนส่งเสริมเพิ่มรายได้ได้แก่ชุมชนผ่านวิสาหกิจชุมชน, แก้ไขปัญหาหนี้นอกระบบให้มีการบังคับใช้กฎหมายอย่างจริงจัง"
ใหม่,100,New,false,,พรรค,,,,,,,,,,,,,,,,,"ยกระดับการศึกษา, ทุจริต = ประหาร, ปฏิรูปราชการ, ยกเลิกเครดิตบูโร, คืนความเป็นธรรมให้สังคม, กองทุนวัยรุ่นสร้างตัว, เพิ่มมูลค่าและยกระดับสินค้าการเกษตรของไทย"
แรงงานสร้างชาติ,101,Nation Building Labour,false,,พรรค,,,,,,,,,,,,,,,,%E0%B9%81%E0%B8%A3%E0%B8%87%E0%B8%87%E0%B8%B2%E0%B8%99%E0%B8%AA%E0%B8%A3%E0%B9%89%E0%B8%B2%E0%B8%87%E0%B8%8A%E0%B8%B2%E0%B8%95%E0%B8%B4.png(https://sheets.wevis.info/download/noco/They-Work-For-Us/Parties/Images/CD3gf0s-jFrVU2HJBI.png),"บัตรประชาชนใช้ประกันตนในคดีได้ มูลค่าหกหมื่นบาท, จัดตั้งธนาคารแรงงาน, เงินบำเหน็จบำนาญ ผู้ประกันตนเลือกได้ ไม่ต้องรออายุ 55 ปี, จัดตั้งโรงพยาบาลประกันสังคม, จัดตั้งรัฐบาลกับพรรคการเมืองที่มีเสียงรวมกันเกินกึ่งหนึ่งของสภาฯ, บูรณาการนโยบายที่แต่ละพรรคใช้หาเสียง, จัดประชามติทำรัฐธรรมนูญฉบับใหม่, สนับสนุนการพูดคุยสันติภาพในชายแดนใต้, กระจายอำนาจสู่ท้องถิ่น, ส่งเสริมสิทธิมนุษยชนและการรวมกลุ่มของประชาชน, กำกับดูแลการใช้อำนาจในทางมิชอบ, สนับสนุนความเท่าเทียมทางเพศ, กระจายอำนาจอย่างทั่วถึง, ใช้กฎหมายสร้างสรรค์สังคมและยุติธรรม, ประชาชนมีสิทธิเท่าเทียม ขจัดความเหลื่อมล้ำ, มีประกันสุขภาพถ้วนหน้า, แรงงานมีความมั่นคง, จัดการศึกษาที่ประชาชนสามารถเข้าถึงได้, เพิ่มทักษะการค้า ใช้สื่อเทคโนโลยีเพื่อพัฒนาประเทศ, ส่งเสริมการท่องเที่ยว, สนับสนุนอุตสาหกรรมและการเกษตรที่เป็นมิตรกับสิ่งแวดล้อม, บริหารน้ำให้มีประสิทธิภาพ, ใช้พลังงานทางเลือกในชีวิตประจำวัน"
ไทยก้าวหน้า,102,Thai Progress,false,,พรรค,,,,,,,,,,,,,,,,%E0%B9%84%E0%B8%97%E0%B8%A2%E0%B8%81%E0%B9%89%E0%B8%B2%E0%B8%A7%E0%B8%AB%E0%B8%99%E0%B9%89%E0%B8%B2.png(https://sheets.wevis.info/download/noco/They-Work-For-Us/Parties/Images/NCB78MIScad0PuuDX8.png),"ค่าดำรงชีพประชาชนเดือนละ 5,000 บาท, กองทุนเงินสดประชาชน เสียชีวิตทุกกรณี 500,000 บาท, เงินสงเคราะห์บุตรประชาชนเดือนละ 2,000 บาท, ค่าเสี่ยงภัย รปภ. ขนส่ง อพปร. อาสากู้ภัย กำนัน ผู้ใหญ่บ้าน เดือนละ 1,500 บาท, กองทุนเกษียณ รปภ. แม่บ้าน เดือนละ 10,000 บาท, ควบคุมมาตรการของราคาน้ำมัน ไฟฟ้าอย่างเหมาะสมเป็นธรรม"
พลัง,103,Power,false,,พรรค,,,,,,,,,,,,,,,,%E0%B8%9E%E0%B8%A5%E0%B8%B1%E0%B8%87.png(https://sheets.wevis.info/download/noco/They-Work-For-Us/Parties/Images/5nO1yF2UytjGcFW1K8.png),"จัดตั้งรัฐบาลกับพรรคการเมืองที่มีเสียงรวมกันเกินกึ่งหนึ่งของสภาฯ, บูรณาการนโยบายที่แต่ละพรรคใช้หาเสียง, จัดประชามติทำรัฐธรรมนูญฉบับใหม่, สนับสนุนการพูดคุยสันติภาพในชายแดนใต้, กระจายอำนาจสู่ท้องถิ่น, ส่งเสริมสิทธิมนุษยชนและการรวมกลุ่มของประชาชน, กำกับดูแลการใช้อำนาจในทางมิชอบ, สนับสนุนความเท่าเทียมทางเพศ, เงินเดือนนักเรียน, ยกเลิกการเกณฑ์ทหาร, ยกเลิกระบบการเรียนสายสามัญ, เรียนฟรีถึงปริญญาตรี มีเงินเดือน 10,000 บาท/เดือน, 1 ตำบล 1 ทุนฟรี 1 ปริญญาเอก, ผลักดันให้มี พรบ.ลำใย เพิ่มมูลค่าทางการค้า, จบปริญญาตรีทุกสาขาเงินเดือน 30,000 บาท, กองทุนบำนาญแรงงาน เงินเดือน 15,000 บาท ตลอดชีพ, เงินประกันสังคมถอนคืนและกู้ได้ไม่ต้องรออายุ 60 ปี, เพิ่มเงินเดือน 30% ข้าราชการ พนักงานรัฐ และข้าราชการบำนาญ, ประกันสุขภาพถ้วนหน้ารักษาฟรี"
สยามพล,104,Siampon,false,,พรรค,,,,,,,,,,,,,,,,%E0%B8%AA%E0%B8%A2%E0%B8%B2%E0%B8%A1%E0%B8%9E%E0%B8%A5.png(https://sheets.wevis.info/download/noco/They-Work-For-Us/Parties/Images/toZSm8jIctJO48D_dC.png),
ชาติรุ่งเรือง,105,Chat Rung Rueang,false,,พรรค,,,,,,,,,,,,,,,,%E0%B8%8A%E0%B8%B2%E0%B8%95%E0%B8%B4%E0%B8%A3%E0%B8%B8%E0%B9%88%E0%B8%87%E0%B9%80%E0%B8%A3%E0%B8%B7%E0%B8%AD%E0%B8%87.png(https://sheets.wevis.info/download/noco/They-Work-For-Us/Parties/Images/Tjy86E0bFJxJfNVtN2.png),"จัดตั้งรัฐบาลกับพรรคการเมืองที่มีเสียงรวมกันเกินกึ่งหนึ่งของสภาฯ, บูรณาการนโยบายที่แต่ละพรรคใช้หาเสียง, จัดประชามติทำรัฐธรรมนูญฉบับใหม่, สนับสนุนการพูดคุยสันติภาพในชายแดนใต้, กระจายอำนาจสู่ท้องถิ่น, ส่งเสริมสิทธิมนุษยชนและการรวมกลุ่มของประชาชน, กำกับดูแลการใช้อำนาจในทางมิชอบ, สนับสนุนความเท่าเทียมทางเพศ, เศรษฐกิจสายมู, กองทุนหมู่บ้าน, ปลดแอกชาว 2 ล้อ, ปลุกพลังสตรีลุกขึ้นสู้ ยุติธรรมจับต้องได้, ชุบชีวิตคนชายขอบ, ปลดหนี้เกษตรกร รายละ 200,000, กู้ชีพ กู้ภัย จิตอาสาไม่ไร้ราคา, ที่ดินทำกินถ้วนหน้า"
รวมใจไทย,106,Ruam Jai Thai,false,,พรรค,,,,,,,,,,,,,,,,%E0%B8%A3%E0%B8%A7%E0%B8%A1%E0%B9%83%E0%B8%88%E0%B9%84%E0%B8%97%E0%B8%A2.jpg(https://sheets.wevis.info/download/noco/They-Work-For-Us/Parties/Images/%E0%B8%A3%E0%B8%A7%E0%B8%A1%E0%B9%83%E0%B8%88%E0%B9%84%E0%B8%97%E0%B8%A2.jpg),"ยึดพลังงานน้ำมัน แก๊ส,ไฟฟ้า มาเป็นของรัฐ, ตั้งคลังสินค้าราคาประหยัดทุกอำเภอ, อาสาเป็นเซลล์แมนของประเทศ"
สัมมาธิปไตย,107,Sammaa Sovereign,false,,พรรค,,,,,,,,,,,,,,,,%E0%B8%AA%E0%B8%B1%E0%B8%A1%E0%B8%A1%E0%B8%B2%E0%B8%98%E0%B8%B4%E0%B8%9B%E0%B9%84%E0%B8%95%E0%B8%A2.png(https://sheets.wevis.info/download/noco/They-Work-For-Us/Parties/Images/P282VICkREzXTYb9dl.png),
เปลี่ยน,108,Change,false,,,,,,,,,,,,,,,,,,,"นโยบายหวยโอกาส เพิ่มจำนวนสลากกินแบ่งฯ 100 ล้านใบ, จัดทำธนาคารโอกาส, จัดทำกองทุนเงินกู้ปลอดดอกเบี้ยเพื่อผู้พิการ 3,000 ล้านบาท, กองทุนส่งเสริมศักยภาพและพัฒนาผู้สูงอายุและผู้พิการ 2,000 ล้านบาท, ตั้งศูนย์เจรจาหนี้ภาษีแก้ปัญหาภาษีประชาชน, เก็บภาษี VAT บริษัทดิจิทัลต่างชาติ 10%, จัดตั้งกองทุน “Smart Plus” ส่งเสริม Start Up ไทยด้านเทคโนโลยี, กองทุนพัฒนาส่งเสริมศักยภาพนักกีฬา 3,000 ล้านบาท, แก้กฎหมายให้ผู้ประกอบอาชีพอิสระเข้าสู่ประกันสังคมมาตรา 39"