province,electorialDistrictNumber,district,subdistrict
กระบี่,1,ปลายพระยา,
กระบี่,1,อ่าวลึก,
กระบี่,1,เขาพนม,หน้าเขา
กระบี่,1,เขาพนม,เขาดิน
กระบี่,1,เมืองกระบี่,
กระบี่,2,คลองท่อม,
กระบี่,2,ลำทับ,
กระบี่,2,เกาะลันตา,
กระบี่,2,เขาพนม,เขาพนม
กระบี่,2,เขาพนม,สินปุน
กระบี่,2,เขาพนม,พรุเตียว
กระบี่,2,เขาพนม,โคกหาร
กระบี่,2,เหนือคลอง,
กรุงเทพมหานคร,1,ดุสิต,ดุสิต
กรุงเทพมหานคร,1,ดุสิต,วชิรพยาบาล
กรุงเทพมหานคร,1,ดุสิต,สวนจิตรลดา
กรุงเทพมหานคร,1,ดุสิต,สี่แยกมหานาค
กรุงเทพมหานคร,1,ป้อมปราบศัตรูพ่าย,
กรุงเทพมหานคร,1,พระนคร,
กรุงเทพมหานคร,1,สัมพันธวงศ์,
กรุงเทพมหานคร,2,บางรัก,
กรุงเทพมหานคร,2,ปทุมวัน,
กรุงเทพมหานคร,2,สาทร,
กรุงเทพมหานคร,3,บางคอแหลม,
กรุงเทพมหานคร,3,ยานนาวา,
กรุงเทพมหานคร,4,คลองเตย,
กรุงเทพมหานคร,4,วัฒนา,
กรุงเทพมหานคร,5,ดินแดง,
กรุงเทพมหานคร,5,ห้วยขวาง,
กรุงเทพมหานคร,6,จตุจักร,จตุจักร
กรุงเทพมหานคร,6,จตุจักร,จอมพล
กรุงเทพมหานคร,6,พญาไท,
กรุงเทพมหานคร,6,ราชเทวี,
กรุงเทพมหานคร,7,ดุสิต,ถนนนครไชยศรี
กรุงเทพมหานคร,7,บางซื่อ,
กรุงเทพมหานคร,8,ลาดพร้าว,
กรุงเทพมหานคร,8,วังทองหลาง,วังทองหลาง
กรุงเทพมหานคร,8,วังทองหลาง,สะพานสอง
กรุงเทพมหานคร,8,วังทองหลาง,คลองเจ้าคุณสิงห์
กรุงเทพมหานคร,9,จตุจักร,ลาดยาว
กรุงเทพมหานคร,9,จตุจักร,เสนานิคม
กรุงเทพมหานคร,9,จตุจักร,จันทรเกษม
กรุงเทพมหานคร,9,หลักสี่,
กรุงเทพมหานคร,10,ดอนเมือง,
กรุงเทพมหานคร,11,สายไหม,
กรุงเทพมหานคร,12,บางเขน,
กรุงเทพมหานคร,13,บางกะปิ,
กรุงเทพมหานคร,13,วังทองหลาง,พลับพลา
กรุงเทพมหานคร,14,คันนายาว,รามอินทรา
กรุงเทพมหานคร,14,บึงกุ่ม,
กรุงเทพมหานคร,15,คันนายาว,คันนายาว
กรุงเทพมหานคร,15,มีนบุรี,
กรุงเทพมหานคร,16,คลองสามวา,
กรุงเทพมหานคร,17,หนองจอก,
กรุงเทพมหานคร,18,ลาดกระบัง,
กรุงเทพมหานคร,19,ประเวศ,ประเวศ
กรุงเทพมหานคร,19,สะพานสูง,
กรุงเทพมหานคร,20,ประเวศ,หนองบอน
กรุงเทพมหานคร,20,ประเวศ,ดอกไม้
กรุงเทพมหานคร,20,สวนหลวง,
กรุงเทพมหานคร,21,บางนา,
กรุงเทพมหานคร,21,พระโขนง,
กรุงเทพมหานคร,22,คลองสาน,
กรุงเทพมหานคร,22,ธนบุรี,วัดกัลยาณ์
กรุงเทพมหานคร,22,ธนบุรี,หิรัญรูจี
กรุงเทพมหานคร,22,ธนบุรี,บางยี่เรือ
กรุงเทพมหานคร,22,ธนบุรี,ตลาดพลู
กรุงเทพมหานคร,22,บางกอกใหญ่,
กรุงเทพมหานคร,23,จอมทอง,
กรุงเทพมหานคร,23,ธนบุรี,ดาวคะนอง
กรุงเทพมหานคร,23,ธนบุรี,บุคคโล
กรุงเทพมหานคร,23,ธนบุรี,สำเหร่
กรุงเทพมหานคร,24,ทุ่งครุ,
กรุงเทพมหานคร,24,ราษฎร์บูรณะ,
กรุงเทพมหานคร,25,บางขุนเทียน,
กรุงเทพมหานคร,26,บางบอน,
กรุงเทพมหานคร,26,หนองแขม,หนองแขม
กรุงเทพมหานคร,27,ตลิ่งชัน,ตลิ่งชัน
กรุงเทพมหานคร,27,ตลิ่งชัน,ฉิมพลี
กรุงเทพมหานคร,27,ทวีวัฒนา,
กรุงเทพมหานคร,27,หนองแขม,หนองค้างพลู
กรุงเทพมหานคร,28,บางแค,
กรุงเทพมหานคร,29,ตลิ่งชัน,คลองชักพระ
กรุงเทพมหานคร,29,ตลิ่งชัน,บางพรม
กรุงเทพมหานคร,29,ตลิ่งชัน,บางระมาด
กรุงเทพมหานคร,29,ตลิ่งชัน,บางเชือกหนัง
กรุงเทพมหานคร,29,ภาษีเจริญ,
กรุงเทพมหานคร,30,บางกอกน้อย,
กรุงเทพมหานคร,30,บางพลัด,
กาญจนบุรี,1,ศรีสวัสดิ์,
กาญจนบุรี,1,เมืองกาญจนบุรี,
กาญจนบุรี,2,ด่านมะขามเตี้ย,
กาญจนบุรี,2,ท่าม่วง,
กาญจนบุรี,3,ท่ามะกา,
กาญจนบุรี,3,พนมทวน,
กาญจนบุรี,4,บ่อพลอย,
กาญจนบุรี,4,หนองปรือ,
กาญจนบุรี,4,ห้วยกระเจา,
กาญจนบุรี,4,เลาขวัญ,
กาญจนบุรี,5,ทองผาภูมิ,
กาญจนบุรี,5,สังขละบุรี,
กาญจนบุรี,5,ไทรโยค,
กาฬสินธุ์,1,กมลาไสย,โคกสมบูรณ์
กาฬสินธุ์,1,กมลาไสย,ดงลิง
กาฬสินธุ์,1,กมลาไสย,เจ้าท่า
กาฬสินธุ์,1,กมลาไสย,โพนงาม
กาฬสินธุ์,1,ร่องคำ,
กาฬสินธุ์,1,เมืองกาฬสินธุ์,
กาฬสินธุ์,2,กมลาไสย,กมลาไสย
กาฬสินธุ์,2,กมลาไสย,หลักเมือง
กาฬสินธุ์,2,กมลาไสย,ธัญญา
กาฬสินธุ์,2,กมลาไสย,หนองแปน
กาฬสินธุ์,2,ฆ้องชัย,
กาฬสินธุ์,2,ยางตลาด,
กาฬสินธุ์,3,ท่าคันโท,
กาฬสินธุ์,3,สหัสขันธ์,
กาฬสินธุ์,3,หนองกุงศรี,
กาฬสินธุ์,3,ห้วยเม็ก,
กาฬสินธุ์,4,คำม่วง,
กาฬสินธุ์,4,ดอนจาน,
กาฬสินธุ์,4,นามน,
กาฬสินธุ์,4,สมเด็จ,
กาฬสินธุ์,4,สามชัย,
กาฬสินธุ์,5,กุฉินารายณ์,
กาฬสินธุ์,5,นาคู,
กาฬสินธุ์,5,ห้วยผึ้ง,
กาฬสินธุ์,5,เขาวง,
กำแพงเพชร,1,เมืองกำแพงเพชร,ในเมือง
กำแพงเพชร,1,เมืองกำแพงเพชร,หนองปลิง
กำแพงเพชร,1,เมืองกำแพงเพชร,อ่างทอง
กำแพงเพชร,1,เมืองกำแพงเพชร,เทพนคร
กำแพงเพชร,1,เมืองกำแพงเพชร,นครชุม
กำแพงเพชร,1,เมืองกำแพงเพชร,คลองแม่ลาย
กำแพงเพชร,1,เมืองกำแพงเพชร,ธำมรงค์
กำแพงเพชร,1,เมืองกำแพงเพชร,นิคมทุ่งโพธิ์ทะเล
กำแพงเพชร,1,เมืองกำแพงเพชร,วังทอง
กำแพงเพชร,1,เมืองกำแพงเพชร,ลานดอกไม้
กำแพงเพชร,1,เมืองกำแพงเพชร,คณฑี
กำแพงเพชร,1,เมืองกำแพงเพชร,ท่าขุนราม
กำแพงเพชร,1,เมืองกำแพงเพชร,นาบ่อคำ
กำแพงเพชร,1,เมืองกำแพงเพชร,ทรงธรรม
กำแพงเพชร,2,พรานกระต่าย,
กำแพงเพชร,2,ลานกระบือ,
กำแพงเพชร,2,เมืองกำแพงเพชร,สระแก้ว
กำแพงเพชร,2,โกสัมพีนคร,
กำแพงเพชร,2,ไทรงาม,มหาชัย
กำแพงเพชร,2,ไทรงาม,พานทอง
กำแพงเพชร,2,ไทรงาม,หนองคล้า
กำแพงเพชร,2,ไทรงาม,หนองทอง
กำแพงเพชร,3,คลองขลุง,
กำแพงเพชร,3,คลองลาน,
กำแพงเพชร,3,ปางศิลาทอง,
กำแพงเพชร,3,เมืองกำแพงเพชร,ไตรตรึงษ์
กำแพงเพชร,4,ขาณุวรลักษบุรี,
กำแพงเพชร,4,ทรายทองวัฒนา,
กำแพงเพชร,4,บึงสามัคคี,
กำแพงเพชร,4,ไทรงาม,ไทรงาม
กำแพงเพชร,4,ไทรงาม,หนองไม้กอง
กำแพงเพชร,4,ไทรงาม,หนองแม่แตง
ขอนแก่น,1,เมืองขอนแก่น,ในเมือง
ขอนแก่น,1,เมืองขอนแก่น,เมืองเก่า
ขอนแก่น,1,เมืองขอนแก่น,บ้านเป็ด
ขอนแก่น,2,ซำสูง,
ขอนแก่น,2,เมืองขอนแก่น,ศิลา
ขอนแก่น,2,เมืองขอนแก่น,บ้านทุ่ม
ขอนแก่น,2,เมืองขอนแก่น,พระลับ
ขอนแก่น,2,เมืองขอนแก่น,หนองตูม
ขอนแก่น,2,เมืองขอนแก่น,ท่าพระ
ขอนแก่น,2,เมืองขอนแก่น,บึงเนียม
ขอนแก่น,2,เมืองขอนแก่น,โคกสี
ขอนแก่น,2,เมืองขอนแก่น,บ้านหว้า
ขอนแก่น,2,เมืองขอนแก่น,ดอนช้าง
ขอนแก่น,2,เมืองขอนแก่น,ดอนหัน
ขอนแก่น,2,เมืองขอนแก่น,แดงใหญ่
ขอนแก่น,3,กระนวน,
ขอนแก่น,3,น้ำพอง,
ขอนแก่น,4,บ้านฝาง,
ขอนแก่น,4,อุบลรัตน์,
ขอนแก่น,4,เขาสวนกวาง,
ขอนแก่น,4,เมืองขอนแก่น,บ้านค้อ
ขอนแก่น,4,เมืองขอนแก่น,สำราญ
ขอนแก่น,4,เมืองขอนแก่น,โนนท่อน
ขอนแก่น,4,เมืองขอนแก่น,สาวะถี
ขอนแก่น,5,ภูเวียง,
ขอนแก่น,5,สีชมพู,สีชมพู
ขอนแก่น,5,สีชมพู,ศรีสุข
ขอนแก่น,5,สีชมพู,วังเพิ่ม
ขอนแก่น,5,สีชมพู,ดงลาน
ขอนแก่น,5,สีชมพู,บริบูรณ์
ขอนแก่น,5,สีชมพู,บ้านใหม่
ขอนแก่น,5,หนองนาคำ,
ขอนแก่น,5,เวียงเก่า,
ขอนแก่น,6,ชุมแพ,
ขอนแก่น,6,ภูผาม่าน,
ขอนแก่น,6,สีชมพู,นาจาน
ขอนแก่น,6,สีชมพู,ซำยาง
ขอนแก่น,6,สีชมพู,ภูห่าน
ขอนแก่น,6,สีชมพู,หนองแดง
ขอนแก่น,7,มัญจาคีรี,
ขอนแก่น,7,หนองเรือ,
ขอนแก่น,8,พล,
ขอนแก่น,8,แวงน้อย,
ขอนแก่น,8,แวงใหญ่,
ขอนแก่น,8,โคกโพธิ์ไชย,
ขอนแก่น,9,ชนบท,
ขอนแก่น,9,หนองสองห้อง,
ขอนแก่น,9,เปือยน้อย,
ขอนแก่น,9,โนนศิลา,
ขอนแก่น,10,บ้านแฮด,
ขอนแก่น,10,บ้านไผ่,
ขอนแก่น,10,พระยืน,
จันทบุรี,1,เมืองจันทบุรี,
จันทบุรี,1,แหลมสิงห์,
จันทบุรี,2,ท่าใหม่,
จันทบุรี,2,นายายอาม,
จันทบุรี,2,เขาคิชฌกูฏ,
จันทบุรี,2,แก่งหางแมว,
จันทบุรี,3,ขลุง,
จันทบุรี,3,มะขาม,
จันทบุรี,3,สอยดาว,
จันทบุรี,3,โป่งน้ำร้อน,
ฉะเชิงเทรา,1,บางน้ำเปรี้ยว,ศาลาแดง
ฉะเชิงเทรา,1,บางน้ำเปรี้ยว,โพรงอากาศ
ฉะเชิงเทรา,1,เมืองฉะเชิงเทรา,
ฉะเชิงเทรา,2,คลองเขื่อน,
ฉะเชิงเทรา,2,บางคล้า,
ฉะเชิงเทรา,2,บางน้ำเปรี้ยว,บางน้ำเปรี้ยว
ฉะเชิงเทรา,2,บางน้ำเปรี้ยว,บางขนาก
ฉะเชิงเทรา,2,บางน้ำเปรี้ยว,สิงโตทอง
ฉะเชิงเทรา,2,บางน้ำเปรี้ยว,หมอนทอง
ฉะเชิงเทรา,2,บางน้ำเปรี้ยว,บึงน้ำรักษ์
ฉะเชิงเทรา,2,บางน้ำเปรี้ยว,ดอนเกาะกา
ฉะเชิงเทรา,2,บางน้ำเปรี้ยว,โยธะกา
ฉะเชิงเทรา,2,บางน้ำเปรี้ยว,ดอนฉิมพลี
ฉะเชิงเทรา,2,พนมสารคาม,เขาหินซ้อน
ฉะเชิงเทรา,2,พนมสารคาม,หนองยาว
ฉะเชิงเทรา,2,พนมสารคาม,บ้านซ่อง
ฉะเชิงเทรา,2,ราชสาส์น,
ฉะเชิงเทรา,3,ท่าตะเกียบ,
ฉะเชิงเทรา,3,พนมสารคาม,เกาะขนุน
ฉะเชิงเทรา,3,พนมสารคาม,พนมสารคาม
ฉะเชิงเทรา,3,พนมสารคาม,เมืองเก่า
ฉะเชิงเทรา,3,พนมสารคาม,ท่าถ่าน
ฉะเชิงเทรา,3,พนมสารคาม,หนองแหน
ฉะเชิงเทรา,3,สนามชัย,
ฉะเชิงเทรา,4,บางปะกง,
ฉะเชิงเทรา,4,บ้านโพธิ์,
ฉะเชิงเทรา,4,แปลงยาว,
ชลบุรี,1,เมืองชลบุรี,แสนสุข
ชลบุรี,1,เมืองชลบุรี,หนองรี
ชลบุรี,1,เมืองชลบุรี,นาป่า
ชลบุรี,1,เมืองชลบุรี,หนองข้างคอก
ชลบุรี,1,เมืองชลบุรี,เหมือง
ชลบุรี,1,เมืองชลบุรี,บ้านปึก
ชลบุรี,1,เมืองชลบุรี,ห้วยกะปิ
ชลบุรี,1,เมืองชลบุรี,เสม็ด
ชลบุรี,1,เมืองชลบุรี,อ่างศิลา
ชลบุรี,1,เมืองชลบุรี,สำนักบก
ชลบุรี,2,พานทอง,พานทอง
ชลบุรี,2,พานทอง,หนองตำลึง
ชลบุรี,2,พานทอง,หนองกะขะ
ชลบุรี,2,พานทอง,โคกขี้หนอน
ชลบุรี,2,พานทอง,บ้านเก่า
ชลบุรี,2,พานทอง,หน้าประดู่
ชลบุรี,2,พานทอง,บางนาง
ชลบุรี,2,พานทอง,เกาะลอย
ชลบุรี,2,พานทอง,บางหัก
ชลบุรี,2,เมืองชลบุรี,บางปลาสร้อย
ชลบุรี,2,เมืองชลบุรี,มะขามหย่ง
ชลบุรี,2,เมืองชลบุรี,บ้านโขด
ชลบุรี,2,เมืองชลบุรี,บางทราย
ชลบุรี,2,เมืองชลบุรี,หนองไม้แดง
ชลบุรี,2,เมืองชลบุรี,คลองตำหรุ
ชลบุรี,2,เมืองชลบุรี,ดอนหัวฬ่อ
ชลบุรี,2,เมืองชลบุรี,บ้านสวน
ชลบุรี,3,พนัสนิคม,
ชลบุรี,3,พานทอง,มาบโป่ง
ชลบุรี,3,พานทอง,หนองหงษ์
ชลบุรี,3,เกาะจันทร์,
ชลบุรี,4,บ่อทอง,
ชลบุรี,4,บ้านบึง,
ชลบุรี,4,หนองใหญ่,
ชลบุรี,5,ศรีราชา,ศรีราชา
ชลบุรี,5,ศรีราชา,สุรศักดิ์
ชลบุรี,5,ศรีราชา,หนองขาม
ชลบุรี,5,ศรีราชา,เขาคันทรง
ชลบุรี,5,ศรีราชา,บางพระ
ชลบุรี,5,ศรีราชา,บ่อวิน
ชลบุรี,5,เกาะสีชัง,
ชลบุรี,6,บางละมุง,บางละมุง
ชลบุรี,6,บางละมุง,หนองปลาไหล
ชลบุรี,6,บางละมุง,ตะเคียนเตี้ย
ชลบุรี,6,บางละมุง,นาเกลือ
ชลบุรี,6,ศรีราชา,ทุ่งสุขลา
ชลบุรี,6,ศรีราชา,บึง
ชลบุรี,7,บางละมุง,หนองปรือ
ชลบุรี,7,บางละมุง,โป่ง
ชลบุรี,7,บางละมุง,ห้วยใหญ่
ชลบุรี,7,บางละมุง,เขาไม้แก้ว
ชลบุรี,8,สัตหีบ,
ชัยนาท,1,มโนรมย์,
ชัยนาท,1,วัดสิงห์,มะขามเฒ่า
ชัยนาท,1,วัดสิงห์,หนองน้อย
ชัยนาท,1,วัดสิงห์,หนองบัว
ชัยนาท,1,วัดสิงห์,หนองขุ่น
ชัยนาท,1,วัดสิงห์,วัดสิงห์
ชัยนาท,1,สรรพยา,
ชัยนาท,1,เมืองชัยนาท,
ชัยนาท,2,วัดสิงห์,บ่อแร่
ชัยนาท,2,วัดสิงห์,วังหมัน
ชัยนาท,2,สรรคบุรี,
ชัยนาท,2,หนองมะโมง,
ชัยนาท,2,หันคา,
ชัยนาท,2,เนินขาม,
ชัยภูมิ,1,เมืองชัยภูมิ,
ชัยภูมิ,2,จัตุรัส,
ชัยภูมิ,2,บ้านเขว้า,
ชัยภูมิ,2,หนองบัวระเหว,
ชัยภูมิ,2,เนินสง่า,
ชัยภูมิ,3,ซับใหญ่,
ชัยภูมิ,3,บำเหน็จณรงค์,
ชัยภูมิ,3,ภักดีชุมพล,
ชัยภูมิ,3,เทพสถิต,
ชัยภูมิ,4,หนองบัวแดง,
ชัยภูมิ,4,เกษตรสมบูรณ์,
ชัยภูมิ,5,คอนสาร,
ชัยภูมิ,5,ภูเขียว,
ชัยภูมิ,6,คอนสวรรค์,
ชัยภูมิ,6,บ้านแท่น,
ชัยภูมิ,6,แก้งคร้อ,
ชุมพร,1,สวี,นาโพธิ์
ชุมพร,1,สวี,สวี
ชุมพร,1,สวี,ทุ่งระยะ
ชุมพร,1,สวี,ท่าหิน
ชุมพร,1,สวี,ปากแพรก
ชุมพร,1,สวี,ด่านสวี
ชุมพร,1,สวี,ครน
ชุมพร,1,สวี,วิสัยใต้
ชุมพร,1,สวี,นาสัก
ชุมพร,1,เมืองชุมพร,ท่าตะเภา
ชุมพร,1,เมืองชุมพร,ปากน้ำ
ชุมพร,1,เมืองชุมพร,ท่ายาง
ชุมพร,1,เมืองชุมพร,บางหมาก
ชุมพร,1,เมืองชุมพร,นาทุ่ง
ชุมพร,1,เมืองชุมพร,นาชะอัง
ชุมพร,1,เมืองชุมพร,ตากแดด
ชุมพร,1,เมืองชุมพร,วังไผ่
ชุมพร,1,เมืองชุมพร,ขุนกระทิง
ชุมพร,1,เมืองชุมพร,ทุ่งคา
ชุมพร,1,เมืองชุมพร,วิสัยเหนือ
ชุมพร,1,เมืองชุมพร,หาดทรายรี
ชุมพร,2,ท่าแซะ,
ชุมพร,2,ปะทิว,
ชุมพร,2,เมืองชุมพร,วังใหม่
ชุมพร,2,เมืองชุมพร,บ้านนา
ชุมพร,2,เมืองชุมพร,หาดพันไกร
ชุมพร,2,เมืองชุมพร,บางลึก
ชุมพร,2,เมืองชุมพร,ถ้ำสิงห์
ชุมพร,3,ทุ่งตะโก,
ชุมพร,3,พะโต๊ะ,
ชุมพร,3,ละแม,
ชุมพร,3,สวี,เขาทะลุ
ชุมพร,3,สวี,เขาค่าย
ชุมพร,3,หลังสวน,
ตรัง,1,นาโยง,
ตรัง,1,ย่านตาขาว,นาชุมเห็ด
ตรัง,1,ย่านตาขาว,โพรงจระเข้
ตรัง,1,เมืองตรัง,
ตรัง,2,กันตัง,โคกยาง
ตรัง,2,รัษฎา,
ตรัง,2,วังวิเศษ,
ตรัง,2,สิเกา,
ตรัง,2,ห้วยยอด,
ตรัง,3,กันตัง,กันตัง
ตรัง,3,กันตัง,ควนธานี
ตรัง,3,กันตัง,บางหมาก
ตรัง,3,กันตัง,บางเป้า
ตรัง,3,กันตัง,วังวน
ตรัง,3,กันตัง,กันตังใต้
ตรัง,3,กันตัง,คลองลุ
ตรัง,3,กันตัง,ย่านซื่อ
ตรัง,3,กันตัง,บ่อน้ำร้อน
ตรัง,3,กันตัง,บางสัก
ตรัง,3,กันตัง,นาเกลือ
ตรัง,3,กันตัง,เกาะลิบง
ตรัง,3,กันตัง,คลองชีล้อม
ตรัง,3,ปะเหลียน,
ตรัง,3,ย่านตาขาว,ย่านตาขาว
ตรัง,3,ย่านตาขาว,หนองบ่อ
ตรัง,3,ย่านตาขาว,ในควน
ตรัง,3,ย่านตาขาว,ทุ่งกระบือ
ตรัง,3,ย่านตาขาว,ทุ่งค่าย
ตรัง,3,ย่านตาขาว,เกาะเปียะ
ตรัง,3,หาดสำราญ,
ตราด,1,,
ตาก,1,บ้านตาก,ตากออก
ตาก,1,บ้านตาก,สมอโคน
ตาก,1,บ้านตาก,แม่สลิด
ตาก,1,บ้านตาก,ตากตก
ตาก,1,บ้านตาก,ทุ่งกระเชาะ
ตาก,1,วังเจ้า,
ตาก,1,สามเงา,
ตาก,1,เมืองตาก,
ตาก,2,พบพระ,
ตาก,2,อุ้มผาง,
ตาก,2,แม่สอด,แม่สอด
ตาก,2,แม่สอด,แม่กุ
ตาก,2,แม่สอด,พะวอ
ตาก,2,แม่สอด,แม่ตาว
ตาก,2,แม่สอด,มหาวัน
ตาก,2,แม่สอด,ด่านแม่ละเมา
ตาก,2,แม่สอด,พระธาตุผาแดง
ตาก,3,ท่าสองยาง,
ตาก,3,บ้านตาก,ท้องฟ้า
ตาก,3,บ้านตาก,เกาะตะเภา
ตาก,3,แม่ระมาด,
ตาก,3,แม่สอด,แม่กาษา
ตาก,3,แม่สอด,ท่าสายลวด
ตาก,3,แม่สอด,แม่ปะ
นครนายก,1,,
นครปฐม,1,เมืองนครปฐม,พระปฐมเจดีย์
นครปฐม,1,เมืองนครปฐม,นครปฐม
นครปฐม,1,เมืองนครปฐม,ลำพยา
นครปฐม,1,เมืองนครปฐม,บ่อพลับ
นครปฐม,1,เมืองนครปฐม,หนองปากโลง
นครปฐม,1,เมืองนครปฐม,สนามจันทร์
นครปฐม,1,เมืองนครปฐม,ห้วยจรเข้
นครปฐม,1,เมืองนครปฐม,โพรงมะเดื่อ
นครปฐม,1,เมืองนครปฐม,หนองดินแดง
นครปฐม,1,เมืองนครปฐม,สวนป่าน
นครปฐม,1,เมืองนครปฐม,สระกะเทียม
นครปฐม,1,เมืองนครปฐม,วังตะกู
นครปฐม,1,เมืองนครปฐม,วังเย็น
นครปฐม,1,เมืองนครปฐม,พระประโทน
นครปฐม,1,เมืองนครปฐม,บางแขม
นครปฐม,2,กำแพงแสน,
นครปฐม,2,เมืองนครปฐม,บ้านยาง
นครปฐม,2,เมืองนครปฐม,ทัพหลวง
นครปฐม,2,เมืองนครปฐม,หนองงูเหลือม
นครปฐม,2,เมืองนครปฐม,ตาก้อง
นครปฐม,2,เมืองนครปฐม,ทุ่งน้อย
นครปฐม,2,เมืองนครปฐม,มาบแค
นครปฐม,3,ดอนตูม,
นครปฐม,3,บางเลน,
นครปฐม,3,พุทธมณฑล,
นครปฐม,4,นครชัยศรี,
นครปฐม,4,สามพราน,ตลาดจินดา
นครปฐม,4,สามพราน,คลองจินดา
นครปฐม,4,สามพราน,บางช้าง
นครปฐม,4,เมืองนครปฐม,ดอนยายหอม
นครปฐม,4,เมืองนครปฐม,สามควายเผือก
นครปฐม,4,เมืองนครปฐม,ธรรมศาลา
นครปฐม,4,เมืองนครปฐม,ถนนขาด
นครปฐม,5,สามพราน,ท่าข้าม
นครปฐม,5,สามพราน,ทรงคนอง
นครปฐม,5,สามพราน,หอมเกร็ด
นครปฐม,5,สามพราน,บางกระทึก
นครปฐม,5,สามพราน,บางเตย
นครปฐม,5,สามพราน,สามพราน
นครปฐม,5,สามพราน,ไร่ขิง
นครปฐม,5,สามพราน,ท่าตลาด
นครปฐม,5,สามพราน,กระทุ่มล้ม
นครปฐม,5,สามพราน,คลองใหม่
นครปฐม,5,สามพราน,ยายชา
นครปฐม,5,สามพราน,บ้านใหม่
นครปฐม,5,สามพราน,อ้อมใหญ่
นครพนม,1,นาทม,
นครพนม,1,นาหว้า,
นครพนม,1,บ้านแพง,
นครพนม,1,ศรีสงคราม,
นครพนม,2,ท่าอุเทน,
นครพนม,2,เมืองนครพนม,ในเมือง
นครพนม,2,เมืองนครพนม,ท่าค้อ
นครพนม,2,เมืองนครพนม,นาราชควาย
นครพนม,2,เมืองนครพนม,หนองญาติ
นครพนม,2,เมืองนครพนม,อาจสามารถ
นครพนม,2,โพนสวรรค์,
นครพนม,3,ธาตุพนม,
นครพนม,3,เมืองนครพนม,ขามเฒ่า
นครพนม,3,เมืองนครพนม,คำเตย
นครพนม,3,เมืองนครพนม,นาทราย
นครพนม,3,เมืองนครพนม,ดงขวาง
นครพนม,3,เมืองนครพนม,บ้านกลาง
นครพนม,3,เมืองนครพนม,โพธิ์ตาก
นครพนม,3,เรณูนคร,
นครพนม,4,นาแก,
นครพนม,4,ปลาปาก,
นครพนม,4,วังยาง,
นครพนม,4,เมืองนครพนม,กุรุคุ
นครพนม,4,เมืองนครพนม,บ้านผึ้ง
นครพนม,4,เมืองนครพนม,วังตามัว
นครราชสีมา,1,เมืองนครราชสีมา,ในเมือง
นครราชสีมา,1,เมืองนครราชสีมา,หนองจะบก
นครราชสีมา,1,เมืองนครราชสีมา,โพธิ์กลาง
นครราชสีมา,1,เมืองนครราชสีมา,หนองไผ่ล้อม
นครราชสีมา,2,เมืองนครราชสีมา,จอหอ
นครราชสีมา,2,เมืองนครราชสีมา,บ้านใหม่
นครราชสีมา,2,เมืองนครราชสีมา,หมื่นไวย
นครราชสีมา,2,เมืองนครราชสีมา,โคกสูง
นครราชสีมา,2,เมืองนครราชสีมา,พุดซา
นครราชสีมา,2,เมืองนครราชสีมา,บ้านโพธิ์
นครราชสีมา,2,เมืองนครราชสีมา,หนองกระทุ่ม
นครราชสีมา,2,เมืองนครราชสีมา,ตลาด
นครราชสีมา,2,เมืองนครราชสีมา,สีมุม
นครราชสีมา,2,เมืองนครราชสีมา,หนองไข่น้ำ
นครราชสีมา,2,เมืองนครราชสีมา,บ้านเกาะ
นครราชสีมา,2,เมืองนครราชสีมา,มะเริง
นครราชสีมา,2,เมืองนครราชสีมา,พลกรัง
นครราชสีมา,2,เมืองนครราชสีมา,โคกกรวด
นครราชสีมา,2,เมืองนครราชสีมา,สุรนารี
นครราชสีมา,2,เมืองนครราชสีมา,ปรุใหญ่
นครราชสีมา,3,ขามทะเลสอ,
นครราชสีมา,3,สีคิ้ว,สีคิ้ว
นครราชสีมา,3,สีคิ้ว,ลาดบัวขาว
นครราชสีมา,3,สีคิ้ว,หนองน้ำใส
นครราชสีมา,3,สีคิ้ว,คลองไผ่
นครราชสีมา,3,สีคิ้ว,มิตรภาพ
นครราชสีมา,3,สีคิ้ว,หนองหญ้าขาว
นครราชสีมา,3,สูงเนิน,
นครราชสีมา,4,พิมาย,สัมฤทธิ์
นครราชสีมา,4,พิมาย,ท่าหลวง
นครราชสีมา,4,พิมาย,กระเบื้องใหญ่
นครราชสีมา,4,พิมาย,ชีวาน
นครราชสีมา,4,โนนสูง,
นครราชสีมา,4,โนนไทย,กำปัง
นครราชสีมา,4,โนนไทย,ถนนโพธิ์
นครราชสีมา,4,โนนไทย,สำโรง
นครราชสีมา,4,โนนไทย,ด่านจาก
นครราชสีมา,4,โนนไทย,มะค่า
นครราชสีมา,5,บัวลาย,
นครราชสีมา,5,บัวใหญ่,
นครราชสีมา,5,บ้านเหลื่อม,
นครราชสีมา,5,สีดา,
นครราชสีมา,5,แก้งสนามนาง,
นครราชสีมา,6,คง,เทพาลัย
นครราชสีมา,6,คง,ขามสมบูรณ์
นครราชสีมา,6,คง,ตาจั่น
นครราชสีมา,6,ประทาย,
นครราชสีมา,6,ลำทะเมนชัย,
นครราชสีมา,6,เมืองยาง,
นครราชสีมา,6,โนนแดง,
นครราชสีมา,7,ชุมพวง,
นครราชสีมา,7,พิมาย,ในเมือง
นครราชสีมา,7,พิมาย,โบสถ์
นครราชสีมา,7,พิมาย,รังกาใหญ่
นครราชสีมา,7,พิมาย,นิคมสร้างตนเอง
นครราชสีมา,7,พิมาย,กระชอน
นครราชสีมา,7,พิมาย,ดงใหญ่
นครราชสีมา,7,พิมาย,ธารละหลอด
นครราชสีมา,7,พิมาย,หนองระเวียง
นครราชสีมา,8,จักราช,
นครราชสีมา,8,ห้วยแถลง,
นครราชสีมา,8,เฉลิมพระเกียรติ,
นครราชสีมา,9,หนองบุญมาก,
นครราชสีมา,9,เมืองนครราชสีมา,หัวทะเล
นครราชสีมา,9,เมืองนครราชสีมา,หนองระเวียง
นครราชสีมา,9,เมืองนครราชสีมา,พะเนา
นครราชสีมา,9,โชคชัย,
นครราชสีมา,10,ครบุรี,
นครราชสีมา,10,วังน้ำเขียว,วังน้ำเขียว
นครราชสีมา,10,วังน้ำเขียว,ไทยสามัคคี
นครราชสีมา,10,เสิงสาง,
นครราชสีมา,11,ปักธงชัย,
นครราชสีมา,11,ปากช่อง,วังกะทะ
นครราชสีมา,11,วังน้ำเขียว,วังหมี
นครราชสีมา,11,วังน้ำเขียว,ระเริง
นครราชสีมา,11,วังน้ำเขียว,อุดมทรัพย์
นครราชสีมา,11,เมืองนครราชสีมา,หนองบัวศาลา
นครราชสีมา,11,เมืองนครราชสีมา,ไชยมงคล
นครราชสีมา,12,ปากช่อง,ปากช่อง
นครราชสีมา,12,ปากช่อง,กลางดง
นครราชสีมา,12,ปากช่อง,จันทึก
นครราชสีมา,12,ปากช่อง,หมูสี
นครราชสีมา,12,ปากช่อง,หนองสาหร่าย
นครราชสีมา,12,ปากช่อง,ขนงพระ
นครราชสีมา,12,ปากช่อง,โป่งตาลอง
นครราชสีมา,12,ปากช่อง,คลองม่วง
นครราชสีมา,12,ปากช่อง,หนองน้ำแดง
นครราชสีมา,12,ปากช่อง,วังไทร
นครราชสีมา,12,ปากช่อง,พญาเย็น
นครราชสีมา,13,ด่านขุนทด,
นครราชสีมา,13,สีคิ้ว,บ้านหัน
นครราชสีมา,13,สีคิ้ว,กฤษณา
นครราชสีมา,13,สีคิ้ว,กุดน้อย
นครราชสีมา,13,สีคิ้ว,วังโรงใหญ่
นครราชสีมา,13,สีคิ้ว,ดอนเมือง
นครราชสีมา,13,สีคิ้ว,หนองบัวน้อย
นครราชสีมา,13,เทพารักษ์,
นครราชสีมา,14,ขามสะแกแสง,
นครราชสีมา,14,คง,เมืองคง
นครราชสีมา,14,คง,คูขาด
นครราชสีมา,14,คง,บ้านปรางค์
นครราชสีมา,14,คง,หนองมะนาว
นครราชสีมา,14,คง,หนองบัว
นครราชสีมา,14,คง,โนนเต็ง
นครราชสีมา,14,คง,ดอนใหญ่
นครราชสีมา,14,พระทองคำ,
นครราชสีมา,14,โนนไทย,โนนไทย
นครราชสีมา,14,โนนไทย,ค้างพลู
นครราชสีมา,14,โนนไทย,บ้านวัง
นครราชสีมา,14,โนนไทย,บัลลังก์
นครราชสีมา,14,โนนไทย,สายออ
นครศรีธรรมราช,2,ปากพนัง,
นครศรีธรรมราช,2,หัวไทร,
นครศรีธรรมราช,2,เชียรใหญ่,
นครศรีธรรมราช,3,จุฬาภรณ์,
นครศรีธรรมราช,3,ชะอวด,
นครศรีธรรมราช,3,พระพรหม,
นครศรีธรรมราช,3,เฉลิมพระเกียรติ,
นครศรีธรรมราช,4,ทุ่งสง,
นครศรีธรรมราช,4,บางขัน,
นครศรีธรรมราช,5,ฉวาง,
นครศรีธรรมราช,5,ถ้ำพรรณรา,
นครศรีธรรมราช,5,ทุ่งใหญ่,
นครศรีธรรมราช,5,พิปูน,
นครศรีธรรมราช,6,ช้างกลาง,
นครศรีธรรมราช,6,นาบอน,
นครศรีธรรมราช,6,ร่อนพิบูลย์,
นครศรีธรรมราช,6,ลานสกา,
นครศรีธรรมราช,7,ท่าศาลา,
นครศรีธรรมราช,7,เมืองนครศรีธรรมราช,ในเมือง
นครศรีธรรมราช,7,เมืองนครศรีธรรมราช,ท่าวัง
นครศรีธรรมราช,7,เมืองนครศรีธรรมราช,คลัง
นครศรีธรรมราช,7,เมืองนครศรีธรรมราช,นาทราย
นครศรีธรรมราช,7,เมืองนครศรีธรรมราช,กำแพงเซา
นครศรีธรรมราช,7,เมืองนครศรีธรรมราช,นาเคียน
นครศรีธรรมราช,7,เมืองนครศรีธรรมราช,ท่างิ้ว
นครศรีธรรมราช,7,เมืองนครศรีธรรมราช,ปากพูน
นครศรีธรรมราช,8,ขนอม,
นครศรีธรรมราช,8,นบพิตำ,
นครศรีธรรมราช,8,พรหมคีรี,
นครศรีธรรมราช,8,สิชล,
นครสวรรค์,1,ลาดยาว,หนองยาว
นครสวรรค์,1,เก้าเลี้ยว,มหาโพธิ
นครสวรรค์,1,เมืองนครสวรรค์,นครสวรรค์ตก
นครสวรรค์,1,เมืองนครสวรรค์,นครสวรรค์ออก
นครสวรรค์,1,เมืองนครสวรรค์,แควใหญ่
นครสวรรค์,1,เมืองนครสวรรค์,ปากน้ำโพ
นครสวรรค์,1,เมืองนครสวรรค์,วัดไทรย์
นครสวรรค์,1,เมืองนครสวรรค์,บางม่วง
นครสวรรค์,1,เมืองนครสวรรค์,บ้านมะเกลือ
นครสวรรค์,1,เมืองนครสวรรค์,บ้านแก่ง
นครสวรรค์,1,เมืองนครสวรรค์,หนองกรด
นครสวรรค์,1,เมืองนครสวรรค์,หนองกระโดน
นครสวรรค์,1,เมืองนครสวรรค์,บึงเสนาท
นครสวรรค์,2,ชุมแสง,ทับกฤชใต้
นครสวรรค์,2,พยุหะคีรี,
นครสวรรค์,2,เมืองนครสวรรค์,กลางแดด
นครสวรรค์,2,เมืองนครสวรรค์,เกรียงไกร
นครสวรรค์,2,เมืองนครสวรรค์,แควใหญ่
นครสวรรค์,2,เมืองนครสวรรค์,ตะเคียนเลื่อน
นครสวรรค์,2,เมืองนครสวรรค์,นครสวรรค์ตก
นครสวรรค์,2,เมืองนครสวรรค์,นครสวรรค์ออก
นครสวรรค์,2,เมืองนครสวรรค์,บางพระหลวง
นครสวรรค์,2,เมืองนครสวรรค์,พระนอน
นครสวรรค์,2,เมืองนครสวรรค์,วัดไทรย์
นครสวรรค์,2,เมืองนครสวรรค์,หนองปลิง
นครสวรรค์,2,โกรกพระ,
นครสวรรค์,3,ชุมแสง,ชุมแสง
นครสวรรค์,3,ชุมแสง,ทับกฤช
นครสวรรค์,3,ชุมแสง,พิกุล
นครสวรรค์,3,ชุมแสง,เกยไชย
นครสวรรค์,3,ชุมแสง,ท่าไม้
นครสวรรค์,3,ชุมแสง,บางเคียน
นครสวรรค์,3,ชุมแสง,หนองกระเจา
นครสวรรค์,3,ชุมแสง,พันลาน
นครสวรรค์,3,ชุมแสง,โคกหม้อ
นครสวรรค์,3,ชุมแสง,ไผ่สิงห์
นครสวรรค์,3,ชุมแสง,ฆะมัง
นครสวรรค์,3,บรรพตพิสัย,
นครสวรรค์,3,เก้าเลี้ยว,เก้าเลี้ยว
นครสวรรค์,3,เก้าเลี้ยว,หนองเต่า
นครสวรรค์,3,เก้าเลี้ยว,เขาดิน
นครสวรรค์,3,เก้าเลี้ยว,หัวดง
นครสวรรค์,4,ท่าตะโก,
นครสวรรค์,4,หนองบัว,
นครสวรรค์,4,ไพศาลี,โคกเดื่อ
นครสวรรค์,4,ไพศาลี,วังน้ำลัด
นครสวรรค์,4,ไพศาลี,วังข่อย
นครสวรรค์,4,ไพศาลี,นาขอม
นครสวรรค์,4,ไพศาลี,ไพศาลี
นครสวรรค์,5,ตากฟ้า,
นครสวรรค์,5,ตาคลี,
นครสวรรค์,5,ไพศาลี,ตะคร้อ
นครสวรรค์,5,ไพศาลี,สำโรงชัย
นครสวรรค์,5,ไพศาลี,โพธิ์ประสาท
นครสวรรค์,6,ชุมตาบง,
นครสวรรค์,6,ลาดยาว,ลาดยาว
นครสวรรค์,6,ลาดยาว,ห้วยน้ำหอม
นครสวรรค์,6,ลาดยาว,วังม้า
นครสวรรค์,6,ลาดยาว,วังเมือง
นครสวรรค์,6,ลาดยาว,สร้อยละคร
นครสวรรค์,6,ลาดยาว,มาบแก
นครสวรรค์,6,ลาดยาว,หนองนมวัว
นครสวรรค์,6,ลาดยาว,บ้านไร่
นครสวรรค์,6,ลาดยาว,เนินขี้เหล็ก
นครสวรรค์,6,ลาดยาว,ศาลเจ้าไก่ต่อ
นครสวรรค์,6,ลาดยาว,สระแก้ว
นครสวรรค์,6,แม่วงก์,
นครสวรรค์,6,แม่เปิน,
นนทบุรี,1,ปากเกร็ด,บางพลับ
นนทบุรี,1,ปากเกร็ด,อ้อมเกร็ด
นนทบุรี,1,ปากเกร็ด,เกาะเกร็ด
นนทบุรี,1,ปากเกร็ด,ท่าอิฐ
นนทบุรี,1,เมืองนนทบุรี,ท่าทราย
นนทบุรี,1,เมืองนนทบุรี,บางกระสอ
นนทบุรี,1,เมืองนนทบุรี,บางเขน
นนทบุรี,2,เมืองนนทบุรี,สวนใหญ่
นนทบุรี,2,เมืองนนทบุรี,ตลาดขวัญ
นนทบุรี,2,เมืองนนทบุรี,บางไผ่
นนทบุรี,2,เมืองนนทบุรี,บางศรีเมือง
นนทบุรี,2,เมืองนนทบุรี,บางกร่าง
นนทบุรี,2,เมืองนนทบุรี,ไทรม้า
นนทบุรี,2,เมืองนนทบุรี,บางรักน้อย
นนทบุรี,3,บางกรวย,
นนทบุรี,3,บางใหญ่,บ้านใหม่
นนทบุรี,3,บางใหญ่,บางแม่นาง
นนทบุรี,3,บางใหญ่,บางใหญ่
นนทบุรี,4,ปากเกร็ด,ปากเกร็ด
นนทบุรี,4,ปากเกร็ด,บางตลาด
นนทบุรี,4,ปากเกร็ด,บ้านใหม่
นนทบุรี,4,ปากเกร็ด,บางพูด
นนทบุรี,4,ปากเกร็ด,บางตะไนย์
นนทบุรี,4,ปากเกร็ด,คลองพระอุดม
นนทบุรี,4,ปากเกร็ด,คลองข่อย
นนทบุรี,4,ปากเกร็ด,คลองเกลือ
นนทบุรี,5,บางบัวทอง,พิมลราช
นนทบุรี,5,บางบัวทอง,โสนลอย
นนทบุรี,5,บางบัวทอง,บางรักพัฒนา
นนทบุรี,5,บางบัวทอง,บางรักใหญ่
นนทบุรี,5,บางใหญ่,บางม่วง
นนทบุรี,5,บางใหญ่,บางเลน
นนทบุรี,5,บางใหญ่,เสาธงหิน
นนทบุรี,6,บางบัวทอง,บางบัวทอง
นนทบุรี,6,บางบัวทอง,บางคูรัด
นนทบุรี,6,บางบัวทอง,ละหาร
นนทบุรี,6,บางบัวทอง,ลำโพ
นนทบุรี,6,ไทรน้อย,
นราธิวาส,1,ตากใบ,
นราธิวาส,1,เมืองนราธิวาส,
นราธิวาส,2,สุไหงปาดี,
นราธิวาส,2,สุไหงโก-ลก,
นราธิวาส,2,แว้ง,
นราธิวาส,3,จะแนะ,
นราธิวาส,3,ระแงะ,
นราธิวาส,3,สุคิริน,
นราธิวาส,3,เจาะไอร้อง,
นราธิวาส,4,บาเจาะ,
นราธิวาส,4,ยี่งอ,
นราธิวาส,4,รือเสาะ,
นราธิวาส,4,ศรีสาคร,
น่าน,1,ท่าวังผา,
น่าน,1,ภูเพียง,
น่าน,1,เมืองน่าน,
น่าน,2,นาน้อย,
น่าน,2,นาหมื่น,
น่าน,2,บ้านหลวง,
น่าน,2,สันติสุข,
น่าน,2,เวียงสา,
น่าน,2,แม่จริม,
น่าน,3,ทุ่งช้าง,
น่าน,3,บ่อเกลือ,
น่าน,3,ปัว,
น่าน,3,สองแคว,
น่าน,3,เฉลิมพระเกียรติ,
น่าน,3,เชียงกลาง,
บึงกาฬ,1,บุ่งคล้า,
บึงกาฬ,1,ปากคาด,
บึงกาฬ,1,เมืองบึงกาฬ,
บึงกาฬ,1,โซ่พิสัย,
บึงกาฬ,2,บึงโขงหลง,
บึงกาฬ,2,พรเจริญ,
บึงกาฬ,2,ศรีวิไล,
บึงกาฬ,2,เซกา,
บุรีรัมย์,1,เมืองบุรีรัมย์,ในเมือง
บุรีรัมย์,1,เมืองบุรีรัมย์,อิสาณ
บุรีรัมย์,1,เมืองบุรีรัมย์,เสม็ด
บุรีรัมย์,1,เมืองบุรีรัมย์,บ้านบัว
บุรีรัมย์,1,เมืองบุรีรัมย์,สะแกโพรง
บุรีรัมย์,1,เมืองบุรีรัมย์,สวายจีก
บุรีรัมย์,1,เมืองบุรีรัมย์,บ้านยาง
บุรีรัมย์,1,เมืองบุรีรัมย์,พระครู
บุรีรัมย์,1,เมืองบุรีรัมย์,หนองตาด
บุรีรัมย์,1,เมืองบุรีรัมย์,ลุมปุ๊ก
บุรีรัมย์,1,เมืองบุรีรัมย์,สองห้อง
บุรีรัมย์,1,เมืองบุรีรัมย์,ชุมเห็ด
บุรีรัมย์,1,เมืองบุรีรัมย์,หลักเขต
บุรีรัมย์,1,เมืองบุรีรัมย์,สะแกซำ
บุรีรัมย์,1,เมืองบุรีรัมย์,กระสัง
บุรีรัมย์,1,เมืองบุรีรัมย์,เมืองฝาง
บุรีรัมย์,2,บ้านด่าน,
บุรีรัมย์,2,สตึก,
บุรีรัมย์,2,เมืองบุรีรัมย์,บัวทอง
บุรีรัมย์,2,เมืองบุรีรัมย์,ถลุงเหล็ก
บุรีรัมย์,2,เมืองบุรีรัมย์,กลันทา
บุรีรัมย์,2,แคนดง,
บุรีรัมย์,3,คูเมือง,
บุรีรัมย์,3,นาโพธิ์,
บุรีรัมย์,3,บ้านใหม่ไชยพจน์,
บุรีรัมย์,3,พุทไธสง,
บุรีรัมย์,3,ลำปลายมาศ,โคกสะอาด
บุรีรัมย์,3,ลำปลายมาศ,เมืองแฝก
บุรีรัมย์,4,ชำนิ,
บุรีรัมย์,4,ลำปลายมาศ,ลำปลายมาศ
บุรีรัมย์,4,ลำปลายมาศ,หนองคู
บุรีรัมย์,4,ลำปลายมาศ,แสลงพัน
บุรีรัมย์,4,ลำปลายมาศ,ทะเมนชัย
บุรีรัมย์,4,ลำปลายมาศ,ตลาดโพธิ์
บุรีรัมย์,4,ลำปลายมาศ,หนองกะทิง
บุรีรัมย์,4,ลำปลายมาศ,โคกกลาง
บุรีรัมย์,4,ลำปลายมาศ,บ้านยาง
บุรีรัมย์,4,ลำปลายมาศ,ผไทรินทร์
บุรีรัมย์,4,ลำปลายมาศ,โคกล่าม
บุรีรัมย์,4,ลำปลายมาศ,หินโคน
บุรีรัมย์,4,ลำปลายมาศ,หนองบัวโคก
บุรีรัมย์,4,ลำปลายมาศ,บุโพธิ์
บุรีรัมย์,4,ลำปลายมาศ,หนองโดน
บุรีรัมย์,4,หนองหงส์,
บุรีรัมย์,5,กระสัง,
บุรีรัมย์,5,ประโคนชัย,ไพศาล
บุรีรัมย์,5,พลับพลาชัย,
บุรีรัมย์,5,ห้วยราช,
บุรีรัมย์,6,นางรอง,นางรอง
บุรีรัมย์,6,นางรอง,สะเดา
บุรีรัมย์,6,นางรอง,หนองโบสถ์
บุรีรัมย์,6,นางรอง,หนองกง
บุรีรัมย์,6,นางรอง,ถนนหัก
บุรีรัมย์,6,นางรอง,หนองไทร
บุรีรัมย์,6,นางรอง,ก้านเหลือง
บุรีรัมย์,6,นางรอง,บ้านสิงห์
บุรีรัมย์,6,นางรอง,ลำไทรโยง
บุรีรัมย์,6,นางรอง,หนองยายพิมพ์
บุรีรัมย์,6,นางรอง,หัวถนน
บุรีรัมย์,6,นางรอง,ทุ่งแสงทอง
บุรีรัมย์,6,นางรอง,หนองโสน
บุรีรัมย์,6,หนองกี่,
บุรีรัมย์,6,โนนสุวรรณ,
บุรีรัมย์,7,บ้านกรวด,
บุรีรัมย์,7,ประโคนชัย,ประโคนชัย
บุรีรัมย์,7,ประโคนชัย,แสลงโทน
บุรีรัมย์,7,ประโคนชัย,บ้านไทร
บุรีรัมย์,7,ประโคนชัย,ละเวี้ย
บุรีรัมย์,7,ประโคนชัย,จรเข้มาก
บุรีรัมย์,7,ประโคนชัย,ปังกู
บุรีรัมย์,7,ประโคนชัย,โคกย่าง
บุรีรัมย์,7,ประโคนชัย,โคกม้า
บุรีรัมย์,7,ประโคนชัย,ตะโกตาพิ
บุรีรัมย์,7,ประโคนชัย,เขาคอก
บุรีรัมย์,7,ประโคนชัย,หนองบอน
บุรีรัมย์,7,ประโคนชัย,โคกมะขาม
บุรีรัมย์,7,ประโคนชัย,โคกตูม
บุรีรัมย์,7,ประโคนชัย,ประทัดบุ
บุรีรัมย์,7,ประโคนชัย,สี่เหลี่ยม
บุรีรัมย์,8,นางรอง,ทรัพย์พระยา
บุรีรัมย์,8,นางรอง,ชุมแสง
บุรีรัมย์,8,ปะคำ,
บุรีรัมย์,8,ละหานทราย,
บุรีรัมย์,8,เฉลิมพระเกียรติ,
บุรีรัมย์,8,โนนดินแดง,
ปทุมธานี,1,ลาดหลุมแก้ว,
ปทุมธานี,1,เมืองปทุมธานี,บางปรอก
ปทุมธานี,1,เมืองปทุมธานี,บ้านฉาง
ปทุมธานี,1,เมืองปทุมธานี,บางขะแยง
ปทุมธานี,1,เมืองปทุมธานี,บางคูวัด
ปทุมธานี,1,เมืองปทุมธานี,บางหลวง
ปทุมธานี,1,เมืองปทุมธานี,บางเดื่อ
ปทุมธานี,1,เมืองปทุมธานี,บ้านใหม่
ปทุมธานี,1,เมืองปทุมธานี,บางกะดี
ปทุมธานี,4,ธัญบุรี,ประชาธิปัตย์
ปทุมธานี,4,ลำลูกกา,คูคต
ปทุมธานี,5,ธัญบุรี,บึงยี่โถ
ปทุมธานี,5,ลำลูกกา,ลาดสวาย
ปทุมธานี,5,ลำลูกกา,บึงคำพร้อย
ปทุมธานี,5,ลำลูกกา,ลำลูกกา
ปทุมธานี,5,ลำลูกกา,บึงทองหลาง
ปทุมธานี,5,ลำลูกกา,ลำไทร
ปทุมธานี,5,ลำลูกกา,บึงคอไห
ปทุมธานี,5,ลำลูกกา,พืชอุดม
ปทุมธานี,6,คลองหลวง,คลองห้า
ปทุมธานี,6,คลองหลวง,คลองหก
ปทุมธานี,6,คลองหลวง,คลองเจ็ด
ปทุมธานี,6,ธัญบุรี,รังสิต
ปทุมธานี,6,ธัญบุรี,ลำผักกูด
ปทุมธานี,6,ธัญบุรี,บึงสนั่น
ปทุมธานี,6,ธัญบุรี,บึงน้ำรักษ์
ปทุมธานี,6,หนองเสือ,
ประจวบคีรีขันธ์,1,กุยบุรี,
ประจวบคีรีขันธ์,1,สามร้อยยอด,
ประจวบคีรีขันธ์,1,เมืองประจวบคีรีขันธ์,
ประจวบคีรีขันธ์,2,ปราณบุรี,
ประจวบคีรีขันธ์,2,หัวหิน,
ประจวบคีรีขันธ์,3,ทับสะแก,
ประจวบคีรีขันธ์,3,บางสะพาน,
ประจวบคีรีขันธ์,3,บางสะพานน้อย,
ปราจีนบุรี,1,บ้านสร้าง,
ปราจีนบุรี,1,ศรีมโหสถ,
ปราจีนบุรี,1,เมืองปราจีนบุรี,
ปราจีนบุรี,2,กบินทร์บุรี,ลาดตะเคียน
ปราจีนบุรี,2,กบินทร์บุรี,หาดนางแก้ว
ปราจีนบุรี,2,กบินทร์บุรี,วังดาล
ปราจีนบุรี,2,กบินทร์บุรี,นนทรี
ปราจีนบุรี,2,กบินทร์บุรี,นาแขม
ปราจีนบุรี,2,ประจันตคาม,
ปราจีนบุรี,2,ศรีมหาโพธิ,
ปราจีนบุรี,3,กบินทร์บุรี,กบินทร์
ปราจีนบุรี,3,กบินทร์บุรี,เมืองเก่า
ปราจีนบุรี,3,กบินทร์บุรี,ย่านรี
ปราจีนบุรี,3,กบินทร์บุรี,วังตะเคียน
ปราจีนบุรี,3,กบินทร์บุรี,บ้านนา
ปราจีนบุรี,3,กบินทร์บุรี,บ่อทอง
ปราจีนบุรี,3,กบินทร์บุรี,หนองกี่
ปราจีนบุรี,3,กบินทร์บุรี,เขาไม้แก้ว
ปราจีนบุรี,3,กบินทร์บุรี,วังท่าช้าง
ปราจีนบุรี,3,นาดี,
ปัตตานี,1,ยะหริ่ง,บางปู
ปัตตานี,1,ยะหริ่ง,แหลมโพธิ์
ปัตตานี,1,ยะหริ่ง,ตะโละกาโปร์
ปัตตานี,1,ยะหริ่ง,ยามู
ปัตตานี,1,ยะหริ่ง,ราตาปันยัง
ปัตตานี,1,ยะหริ่ง,ตาแกะ
ปัตตานี,1,ยะหริ่ง,ปิยามุมัง
ปัตตานี,1,ยะหริ่ง,ตะโละ
ปัตตานี,1,ยะหริ่ง,ตาลีอายร์
ปัตตานี,1,ยะหริ่ง,ปุลากง
ปัตตานี,1,เมืองปัตตานี,
ปัตตานี,2,หนองจิก,
ปัตตานี,2,แม่ลาน,
ปัตตานี,2,โคกโพธิ์,
ปัตตานี,3,กะพ้อ,
ปัตตานี,3,ปะนาเระ,
ปัตตานี,3,ยะหริ่ง,ตันหยงดาลอ
ปัตตานี,3,ยะหริ่ง,ตันหยงจึงงา
ปัตตานี,3,ยะหริ่ง,ตอหลัง
ปัตตานี,3,ยะหริ่ง,หนองแรต
ปัตตานี,3,ยะหริ่ง,บาโลย
ปัตตานี,3,ยะหริ่ง,สาบัน
ปัตตานี,3,ยะหริ่ง,มะนังยง
ปัตตานี,3,ยะหริ่ง,จะรัง
ปัตตานี,3,สายบุรี,
ปัตตานี,3,ไม้แก่น,
ปัตตานี,4,ทุ่งยางแดง,
ปัตตานี,4,มายอ,
ปัตตานี,4,ยะรัง,
พระนครศรีอยุธยา,1,พระนครศรีอยุธยา,
พระนครศรีอยุธยา,1,อุทัย,
พระนครศรีอยุธยา,2,ท่าเรือ,
พระนครศรีอยุธยา,2,นครหลวง,
พระนครศรีอยุธยา,2,บางปะหัน,
พระนครศรีอยุธยา,2,บ้านแพรก,
พระนครศรีอยุธยา,2,ภาชี,
พระนครศรีอยุธยา,2,มหาราช,
พระนครศรีอยุธยา,3,บางปะอิน,
พระนครศรีอยุธยา,3,บางไทร,
พระนครศรีอยุธยา,3,วังน้อย,
พระนครศรีอยุธยา,4,บางซ้าย,
พระนครศรีอยุธยา,4,บางบาล,
พระนครศรีอยุธยา,4,ผักไห่,
พระนครศรีอยุธยา,4,ลาดบัวหลวง,
พระนครศรีอยุธยา,4,เสนา,
พะเยา,1,เมืองพะเยา,
พะเยา,1,แม่ใจ,
พะเยา,2,จุน,
พะเยา,2,ภูซาง,
พะเยา,2,เชียงคำ,
พะเยา,3,ดอกคำใต้,
พะเยา,3,ปง,
พะเยา,3,ภูกามยาว,
พะเยา,3,เชียงม่วน,
พังงา,1,,
พัทลุง,1,เขาชัยสน,
พัทลุง,1,เมืองพัทลุง,
พัทลุง,2,ควนขนุน,
พัทลุง,2,ป่าพะยอม,
พัทลุง,2,ศรีนครินทร์,
พัทลุง,2,ศรีบรรพต,
พัทลุง,3,กงหรา,
พัทลุง,3,ตะโหมด,
พัทลุง,3,บางแก้ว,
พัทลุง,3,ปากพะยูน,
พัทลุง,3,ป่าบอน,
พิจิตร,1,วชิรบารมี,
พิจิตร,1,สามง่าม,
พิจิตร,1,เมืองพิจิตร,
พิจิตร,2,ดงเจริญ,
พิจิตร,2,ตะพานหิน,
พิจิตร,2,ทับคล้อ,
พิจิตร,2,วังทรายพูน,
พิจิตร,2,สากเหล็ก,
พิจิตร,3,บางมูลนาก,
พิจิตร,3,บึงนาราง,
พิจิตร,3,โพทะเล,
พิจิตร,3,โพธิ์ประทับช้าง,
พิษณุโลก,1,เมืองพิษณุโลก,ในเมือง
พิษณุโลก,1,เมืองพิษณุโลก,อรัญญิก
พิษณุโลก,1,เมืองพิษณุโลก,วัดจันทร์
พิษณุโลก,1,เมืองพิษณุโลก,บ้านคลอง
พิษณุโลก,1,เมืองพิษณุโลก,พลายชุมพล
พิษณุโลก,1,เมืองพิษณุโลก,ท่าทอง
พิษณุโลก,1,เมืองพิษณุโลก,บึงพระ
พิษณุโลก,1,เมืองพิษณุโลก,วัดพริก
พิษณุโลก,1,เมืองพิษณุโลก,วังน้ำคู้
พิษณุโลก,2,พรหมพิราม,
พิษณุโลก,2,เมืองพิษณุโลก,ไผ่ขอดอน
พิษณุโลก,2,เมืองพิษณุโลก,จอมทอง
พิษณุโลก,2,เมืองพิษณุโลก,มะขามสูง
พิษณุโลก,2,เมืองพิษณุโลก,ปากโทก
พิษณุโลก,2,เมืองพิษณุโลก,บ้านกร่าง
พิษณุโลก,2,เมืองพิษณุโลก,หัวรอ
พิษณุโลก,2,เมืองพิษณุโลก,สมอแข
พิษณุโลก,2,เมืองพิษณุโลก,ดอนทอง
พิษณุโลก,2,เมืองพิษณุโลก,บ้านป่า
พิษณุโลก,3,วังทอง,
พิษณุโลก,3,เนินมะปราง,
พิษณุโลก,4,บางกระทุ่ม,
พิษณุโลก,4,บางระกำ,
พิษณุโลก,4,เมืองพิษณุโลก,งิ้วงาม
พิษณุโลก,4,เมืองพิษณุโลก,ท่าโพธิ์
พิษณุโลก,5,ชาติตระการ,
พิษณุโลก,5,นครไทย,
พิษณุโลก,5,วัดโบสถ์,
ภูเก็ต,1,เมืองภูเก็ต,ตลาดใหญ่
ภูเก็ต,1,เมืองภูเก็ต,ตลาดเหนือ
ภูเก็ต,1,เมืองภูเก็ต,รัษฎา
ภูเก็ต,1,เมืองภูเก็ต,วิชิต
ภูเก็ต,1,เมืองภูเก็ต,ฉลอง
ภูเก็ต,2,กะทู้,
ภูเก็ต,2,ถลาง,
ภูเก็ต,2,เมืองภูเก็ต,เกาะแก้ว
ภูเก็ต,2,เมืองภูเก็ต,ราไวย์
ภูเก็ต,2,เมืองภูเก็ต,กะรน
มหาสารคาม,1,เมืองมหาสารคาม,
มหาสารคาม,1,แกดำ,
มหาสารคาม,1,โกสุมพิสัย,แก้งแก
มหาสารคาม,2,บรบือ,บรบือ
มหาสารคาม,2,บรบือ,บ่อใหญ่
มหาสารคาม,2,บรบือ,หนองม่วง
มหาสารคาม,2,บรบือ,กำพี้
มหาสารคาม,2,บรบือ,หนองจิก
มหาสารคาม,2,บรบือ,บัวมาศ
มหาสารคาม,2,บรบือ,วังใหม่
มหาสารคาม,2,บรบือ,ยาง
มหาสารคาม,2,บรบือ,หนองสิม
มหาสารคาม,2,บรบือ,หนองโก
มหาสารคาม,2,บรบือ,ดอนงัว
มหาสารคาม,2,วาปีปทุม,
มหาสารคาม,3,นาดูน,
มหาสารคาม,3,นาเชือก,นาเชือก
มหาสารคาม,3,นาเชือก,เขวาไร่
มหาสารคาม,3,นาเชือก,หนองโพธิ์
มหาสารคาม,3,นาเชือก,หนองกุง
มหาสารคาม,3,นาเชือก,สันป่าตอง
มหาสารคาม,3,พยัคฆภูมิพิสัย,
มหาสารคาม,3,ยางสีสุราช,
มหาสารคาม,4,กุดรัง,
มหาสารคาม,4,นาเชือก,สำโรง
มหาสารคาม,4,นาเชือก,หนองแดง
มหาสารคาม,4,นาเชือก,ปอพาน
มหาสารคาม,4,นาเชือก,หนองเม็ก
มหาสารคาม,4,นาเชือก,หนองเรือ
มหาสารคาม,4,บรบือ,วังไชย
มหาสารคาม,4,บรบือ,โนนแดง
มหาสารคาม,4,บรบือ,หนองคูขาด
มหาสารคาม,4,บรบือ,โนนราษี
มหาสารคาม,4,โกสุมพิสัย,หัวขวาง
มหาสารคาม,4,โกสุมพิสัย,ยางน้อย
มหาสารคาม,4,โกสุมพิสัย,วังยาว
มหาสารคาม,4,โกสุมพิสัย,เขวาไร่
มหาสารคาม,4,โกสุมพิสัย,แพง
มหาสารคาม,4,โกสุมพิสัย,หนองเหล็ก
มหาสารคาม,4,โกสุมพิสัย,เหล่า
มหาสารคาม,4,โกสุมพิสัย,หนองบอน
มหาสารคาม,4,โกสุมพิสัย,โพนงาม
มหาสารคาม,4,โกสุมพิสัย,ยางท่าแจ้ง
มหาสารคาม,4,โกสุมพิสัย,หนองกุงสวรรค์
มหาสารคาม,4,โกสุมพิสัย,ดอนกลาง
มหาสารคาม,5,กันทรวิชัย,
มหาสารคาม,5,ชื่นชม,
มหาสารคาม,5,เชียงยืน,
มหาสารคาม,5,โกสุมพิสัย,หนองบัว
มหาสารคาม,5,โกสุมพิสัย,แห่ใต้
มหาสารคาม,5,โกสุมพิสัย,เลิงใต้
มหาสารคาม,5,โกสุมพิสัย,เขื่อน
มุกดาหาร,1,ดอนตาล,
มุกดาหาร,1,หว้านใหญ่,
มุกดาหาร,1,เมืองมุกดาหาร,มุกดาหาร
มุกดาหาร,1,เมืองมุกดาหาร,ศรีบุญเรือง
มุกดาหาร,1,เมืองมุกดาหาร,คำอาฮวน
มุกดาหาร,1,เมืองมุกดาหาร,ดงเย็น
มุกดาหาร,1,เมืองมุกดาหาร,บางทรายใหญ่
มุกดาหาร,1,เมืองมุกดาหาร,บ้านโคก
มุกดาหาร,1,เมืองมุกดาหาร,คำป่าหลาย
มุกดาหาร,1,เมืองมุกดาหาร,กุดแข้
มุกดาหาร,1,เมืองมุกดาหาร,นาสีนวน
มุกดาหาร,1,เมืองมุกดาหาร,โพนทราย
มุกดาหาร,2,คำชะอี,
มุกดาหาร,2,ดงหลวง,
มุกดาหาร,2,นิคมคำสร้อย,
มุกดาหาร,2,หนองสูง,
มุกดาหาร,2,เมืองมุกดาหาร,ผึ่งแดด
มุกดาหาร,2,เมืองมุกดาหาร,นาโสก
มุกดาหาร,2,เมืองมุกดาหาร,ดงมอน
ยะลา,1,ยะหา,ยะหา
ยะลา,1,ยะหา,ตาชี
ยะลา,1,ยะหา,บาโงยซิแน
ยะลา,1,เมืองยะลา,สะเตง
ยะลา,1,เมืองยะลา,ยุโป
ยะลา,1,เมืองยะลา,ลิดล
ยะลา,1,เมืองยะลา,ยะลา
ยะลา,1,เมืองยะลา,ท่าสาป
ยะลา,1,เมืองยะลา,ลำใหม่
ยะลา,1,เมืองยะลา,หน้าถ้ำ
ยะลา,1,เมืองยะลา,ลำพะยา
ยะลา,1,เมืองยะลา,พร่อน
ยะลา,1,เมืองยะลา,สะเตงนอก
ยะลา,1,เมืองยะลา,ตาเซะ
ยะลา,2,กาบัง,
ยะลา,2,ยะหา,ละแอ
ยะลา,2,ยะหา,ปะแต
ยะลา,2,ยะหา,บาโร๊ะ
ยะลา,2,ยะหา,กาตอง
ยะลา,2,รามัน,
ยะลา,2,เมืองยะลา,บุดี
ยะลา,2,เมืองยะลา,เปาะเส้ง
ยะลา,2,เมืองยะลา,บันนังสาเรง
ยะลา,3,กรงปินัง,
ยะลา,3,ธารโต,
ยะลา,3,บันนังสตา,
ยะลา,3,เบตง,
ยโสธร,1,คำเขื่อนแก้ว,ทุ่งมน
ยโสธร,1,ทรายมูล,
ยโสธร,1,ป่าติ้ว,ศรีฐาน
ยโสธร,1,ป่าติ้ว,กระจาย
ยโสธร,1,เมืองยโสธร,
ยโสธร,2,คำเขื่อนแก้ว,ลุมพุก
ยโสธร,2,คำเขื่อนแก้ว,ย่อ
ยโสธร,2,คำเขื่อนแก้ว,สงเปือย
ยโสธร,2,คำเขื่อนแก้ว,โพนทัน
ยโสธร,2,คำเขื่อนแก้ว,นาคำ
ยโสธร,2,คำเขื่อนแก้ว,ดงแคนใหญ่
ยโสธร,2,คำเขื่อนแก้ว,กู่จาน
ยโสธร,2,คำเขื่อนแก้ว,นาแก
ยโสธร,2,คำเขื่อนแก้ว,กุดกุง
ยโสธร,2,คำเขื่อนแก้ว,เหล่าไฮ
ยโสธร,2,คำเขื่อนแก้ว,แคนน้อย
ยโสธร,2,คำเขื่อนแก้ว,ดงเจริญ
ยโสธร,2,ค้อวัง,
ยโสธร,2,ป่าติ้ว,โพธิ์ไทร
ยโสธร,2,ป่าติ้ว,โคกนาโก
ยโสธร,2,ป่าติ้ว,เชียงเพ็ง
ยโสธร,2,มหาชนะชัย,
ยโสธร,2,ไทยเจริญ,น้ำคำ
ยโสธร,2,ไทยเจริญ,คำไผ่
ยโสธร,3,กุดชุม,
ยโสธร,3,เลิงนกทา,
ยโสธร,3,ไทยเจริญ,ไทยเจริญ
ยโสธร,3,ไทยเจริญ,ส้มผ่อ
ยโสธร,3,ไทยเจริญ,คำเตย
ระนอง,1,,
ระยอง,2,วังจันทร์,
ระยอง,2,เขาชะเมา,
ระยอง,2,แกลง,
ราชบุรี,1,เมืองราชบุรี,หน้าเมือง
ราชบุรี,1,เมืองราชบุรี,เจดีย์หัก
ราชบุรี,1,เมืองราชบุรี,ดอนตะโก
ราชบุรี,1,เมืองราชบุรี,หนองกลางนา
ราชบุรี,1,เมืองราชบุรี,คุ้งน้ำวน
ราชบุรี,1,เมืองราชบุรี,คุ้งกระถิน
ราชบุรี,1,เมืองราชบุรี,โคกหม้อ
ราชบุรี,1,เมืองราชบุรี,สามเรือน
ราชบุรี,1,เมืองราชบุรี,พิกุลทอง
ราชบุรี,1,เมืองราชบุรี,หินกอง
ราชบุรี,1,เมืองราชบุรี,เขาแร้ง
ราชบุรี,1,เมืองราชบุรี,เกาะพลับพลา
ราชบุรี,1,เมืองราชบุรี,หลุมดิน
ราชบุรี,1,เมืองราชบุรี,บางป่า
ราชบุรี,1,เมืองราชบุรี,พงสวาย
ราชบุรี,1,เมืองราชบุรี,คูบัว
ราชบุรี,1,เมืองราชบุรี,ท่าราบ
ราชบุรี,1,เมืองราชบุรี,บ้านไร่
ราชบุรี,2,บ้านคา,
ราชบุรี,2,ปากท่อ,
ราชบุรี,2,วัดเพลง,
ราชบุรี,2,สวนผึ้ง,
ราชบุรี,2,เมืองราชบุรี,น้ำพุ
ราชบุรี,2,เมืองราชบุรี,ห้วยไผ่
ราชบุรี,2,เมืองราชบุรี,ดอนแร่
ราชบุรี,2,เมืองราชบุรี,อ่างทอง
ราชบุรี,3,จอมบึง,
ราชบุรี,3,โพธาราม,โพธาราม
ราชบุรี,3,โพธาราม,ดอนกระเบื้อง
ราชบุรี,3,โพธาราม,หนองโพ
ราชบุรี,3,โพธาราม,บ้านเลือก
ราชบุรี,3,โพธาราม,คลองตาคต
ราชบุรี,3,โพธาราม,เจ็ดเสมียน
ราชบุรี,3,โพธาราม,คลองข่อย
ราชบุรี,3,โพธาราม,ชำแระ
ราชบุรี,3,โพธาราม,สร้อยฟ้า
ราชบุรี,3,โพธาราม,ท่าชุมพล
ราชบุรี,3,โพธาราม,บางโตนด
ราชบุรี,3,โพธาราม,เตาปูน
ราชบุรี,3,โพธาราม,นางแก้ว
ราชบุรี,3,โพธาราม,ธรรมเสน
ราชบุรี,3,โพธาราม,เขาชะงุ้ม
ราชบุรี,3,โพธาราม,หนองกวาง
ราชบุรี,4,บ้านโป่ง,
ราชบุรี,5,ดำเนินสะดวก,
ราชบุรี,5,บางแพ,
ราชบุรี,5,โพธาราม,บ้านฆ้อง
ราชบุรี,5,โพธาราม,บ้านสิงห์
ราชบุรี,5,โพธาราม,ดอนทราย
ร้อยเอ็ด,1,ศรีสมเด็จ,
ร้อยเอ็ด,1,เมืองร้อยเอ็ด,
ร้อยเอ็ด,2,จังหาร,
ร้อยเอ็ด,2,ธวัชบุรี,ธวัชบุรี
ร้อยเอ็ด,2,ธวัชบุรี,นิเวศน์
ร้อยเอ็ด,2,ธวัชบุรี,หนองพอก
ร้อยเอ็ด,2,ธวัชบุรี,มะอึ
ร้อยเอ็ด,2,ธวัชบุรี,อุ่มเม้า
ร้อยเอ็ด,2,ธวัชบุรี,หนองไผ่
ร้อยเอ็ด,2,ธวัชบุรี,ไพศาล
ร้อยเอ็ด,2,ธวัชบุรี,ธงธานี
ร้อยเอ็ด,2,ธวัชบุรี,บึงนคร
ร้อยเอ็ด,2,เชียงขวัญ,
ร้อยเอ็ด,2,โพธิ์ชัย,
ร้อยเอ็ด,3,หนองพอก,หนองพอก
ร้อยเอ็ด,3,หนองพอก,ภูเขาทอง
ร้อยเอ็ด,3,หนองพอก,บึงงาม
ร้อยเอ็ด,3,หนองพอก,ผาน้ำย้อย
ร้อยเอ็ด,3,หนองพอก,โคกสว่าง
ร้อยเอ็ด,3,หนองพอก,กกโพธิ์
ร้อยเอ็ด,3,หนองพอก,รอบเมือง
ร้อยเอ็ด,3,เมยวดี,
ร้อยเอ็ด,3,โพนทอง,
ร้อยเอ็ด,4,ทุ่งเขาหลวง,
ร้อยเอ็ด,4,ธวัชบุรี,เขวาทุ่ง
ร้อยเอ็ด,4,ธวัชบุรี,เมืองน้อย
ร้อยเอ็ด,4,ธวัชบุรี,ราชธานี
ร้อยเอ็ด,4,หนองพอก,หนองขุ่นใหญ่
ร้อยเอ็ด,4,หนองพอก,ท่าสีดา
ร้อยเอ็ด,4,อาจสามารถ,บ้านแจ้ง
ร้อยเอ็ด,4,อาจสามารถ,โพนเมือง
ร้อยเอ็ด,4,เสลภูมิ,
ร้อยเอ็ด,5,พนมไพร,
ร้อยเอ็ด,5,หนองฮี,
ร้อยเอ็ด,5,อาจสามารถ,อาจสามารถ
ร้อยเอ็ด,5,อาจสามารถ,หน่อม
ร้อยเอ็ด,5,อาจสามารถ,หนองหมื่นถ่าน
ร้อยเอ็ด,5,อาจสามารถ,หนองขาม
ร้อยเอ็ด,5,อาจสามารถ,โหรา
ร้อยเอ็ด,5,อาจสามารถ,หนองบัว
ร้อยเอ็ด,5,อาจสามารถ,ขี้เหล็ก
ร้อยเอ็ด,5,อาจสามารถ,บ้านดู่
ร้อยเอ็ด,5,โพนทราย,
ร้อยเอ็ด,6,จตุรพักตรพิมาน,หัวช้าง
ร้อยเอ็ด,6,จตุรพักตรพิมาน,ดงแดง
ร้อยเอ็ด,6,จตุรพักตรพิมาน,ดงกลาง
ร้อยเอ็ด,6,จตุรพักตรพิมาน,ป่าสังข์
ร้อยเอ็ด,6,จตุรพักตรพิมาน,น้ำใส
ร้อยเอ็ด,6,จตุรพักตรพิมาน,ศรีโคตร
ร้อยเอ็ด,6,สุวรรณภูมิ,
ร้อยเอ็ด,6,เมืองสรวง,
ร้อยเอ็ด,7,จตุรพักตรพิมาน,หนองผือ
ร้อยเอ็ด,7,จตุรพักตรพิมาน,เมืองหงส์
ร้อยเอ็ด,7,จตุรพักตรพิมาน,โคกล่าม
ร้อยเอ็ด,7,จตุรพักตรพิมาน,อีง่อง
ร้อยเอ็ด,7,จตุรพักตรพิมาน,ลิ้นฟ้า
ร้อยเอ็ด,7,จตุรพักตรพิมาน,ดู่น้อย
ร้อยเอ็ด,7,ปทุมรัตต์,
ร้อยเอ็ด,7,เกษตรวิสัย,
ลพบุรี,1,เมืองลพบุรี,เขาสามยอด
ลพบุรี,1,เมืองลพบุรี,ท่าหิน
ลพบุรี,1,เมืองลพบุรี,ทะเลชุบศร
ลพบุรี,1,เมืองลพบุรี,เขาพระงาม
ลพบุรี,1,เมืองลพบุรี,ท่าศาลา
ลพบุรี,1,เมืองลพบุรี,โคกตูม
ลพบุรี,1,เมืองลพบุรี,นิคมสร้างตนเอง
ลพบุรี,1,เมืองลพบุรี,ถนนใหญ่
ลพบุรี,1,เมืองลพบุรี,กกโก
ลพบุรี,1,เมืองลพบุรี,ป่าตาล
ลพบุรี,1,เมืองลพบุรี,ท่าแค
ลพบุรี,2,ท่าวุ้ง,
ลพบุรี,2,บ้านหมี่,
ลพบุรี,2,เมืองลพบุรี,โก่งธนู
ลพบุรี,2,เมืองลพบุรี,โคกกะเทียม
ลพบุรี,2,เมืองลพบุรี,โคกลำพาน
ลพบุรี,2,เมืองลพบุรี,งิ้วราย
ลพบุรี,2,เมืองลพบุรี,ดอนโพธิ์
ลพบุรี,2,เมืองลพบุรี,ตะลุง
ลพบุรี,2,เมืองลพบุรี,บางขันหมาก
ลพบุรี,2,เมืองลพบุรี,บ้านข่อย
ลพบุรี,2,เมืองลพบุรี,ท้ายตลาด
ลพบุรี,2,เมืองลพบุรี,พรหมมาสตร์
ลพบุรี,2,เมืองลพบุรี,โพธิ์เก้าต้น
ลพบุรี,2,เมืองลพบุรี,โพธิ์ตรุ
ลพบุรี,2,เมืองลพบุรี,สี่คลอง
ลพบุรี,3,พัฒนานิคม,
ลพบุรี,3,หนองม่วง,
ลพบุรี,3,โคกสำโรง,
ลพบุรี,4,ชัยบาดาล,
ลพบุรี,4,ท่าหลวง,
ลพบุรี,4,ลำสนธิ,
ลพบุรี,4,สระโบสถ์,
ลพบุรี,4,โคกเจริญ,
ลำปาง,2,งาว,
ลำปาง,2,วังเหนือ,
ลำปาง,2,เมืองปาน,
ลำปาง,2,แจ้ห่ม,
ลำปาง,4,สบปราบ,
ลำปาง,4,เกาะคา,
ลำปาง,4,เถิน,
ลำปาง,4,เสริมงาม,
ลำปาง,4,แม่พริก,
ลำพูน,1,บ้านธิ,
ลำพูน,1,เมืองลำพูน,
ลำพูน,1,แม่ทา,
ลำพูน,2,ทุ่งหัวช้าง,
ลำพูน,2,บ้านโฮ่ง,
ลำพูน,2,ป่าซาง,
ลำพูน,2,ลี้,
ลำพูน,2,เวียงหนองล่อง,
ศรีสะเกษ,1,วังหิน,
ศรีสะเกษ,1,เมืองศรีสะเกษ,
ศรีสะเกษ,2,กันทรารมย์,
ศรีสะเกษ,2,น้ำเกลี้ยง,
ศรีสะเกษ,2,โนนคูณ,
ศรีสะเกษ,3,กันทรลักษ์,ภูเงิน
ศรีสะเกษ,3,พยุห์,
ศรีสะเกษ,3,ศรีรัตนะ,
ศรีสะเกษ,3,เบญจลักษ์,
ศรีสะเกษ,3,ไพรบึง,
ศรีสะเกษ,4,กันทรลักษ์,บึงมะลู
ศรีสะเกษ,4,กันทรลักษ์,กุดเสลา
ศรีสะเกษ,4,กันทรลักษ์,เมือง
ศรีสะเกษ,4,กันทรลักษ์,สังเม็ก
ศรีสะเกษ,4,กันทรลักษ์,น้ำอ้อม
ศรีสะเกษ,4,กันทรลักษ์,ละลาย
ศรีสะเกษ,4,กันทรลักษ์,รุง
ศรีสะเกษ,4,กันทรลักษ์,ตระกาจ
ศรีสะเกษ,4,กันทรลักษ์,จานใหญ่
ศรีสะเกษ,4,กันทรลักษ์,ชำ
ศรีสะเกษ,4,กันทรลักษ์,กระแชง
ศรีสะเกษ,4,กันทรลักษ์,โนนสำราญ
ศรีสะเกษ,4,กันทรลักษ์,หนองหญ้าลาด
ศรีสะเกษ,4,กันทรลักษ์,เสาธงชัย
ศรีสะเกษ,4,กันทรลักษ์,ขนุน
ศรีสะเกษ,4,กันทรลักษ์,สวนกล้วย
ศรีสะเกษ,4,กันทรลักษ์,เวียงเหนือ
ศรีสะเกษ,4,กันทรลักษ์,ทุ่งใหญ่
ศรีสะเกษ,4,กันทรลักษ์,ภูผาหมอก
ศรีสะเกษ,5,ขุขันธ์,ปรือใหญ่
ศรีสะเกษ,5,ขุขันธ์,นิคมพัฒนา
ศรีสะเกษ,5,ขุขันธ์,ศรีตระกูล
ศรีสะเกษ,5,ขุขันธ์,ตาอุด
ศรีสะเกษ,5,ขุนหาญ,
ศรีสะเกษ,5,ภูสิงห์,
ศรีสะเกษ,6,ขุขันธ์,กันทรารมย์
ศรีสะเกษ,6,ขุขันธ์,จะกง
ศรีสะเกษ,6,ขุขันธ์,ใจดี
ศรีสะเกษ,6,ขุขันธ์,ดองกำเม็ด
ศรีสะเกษ,6,ขุขันธ์,โสน
ศรีสะเกษ,6,ขุขันธ์,สะเดาใหญ่
ศรีสะเกษ,6,ขุขันธ์,ห้วยเหนือ
ศรีสะเกษ,6,ขุขันธ์,ห้วยใต้
ศรีสะเกษ,6,ขุขันธ์,หัวเสือ
ศรีสะเกษ,6,ขุขันธ์,ตะเคียน
ศรีสะเกษ,6,ขุขันธ์,โคกเพชร
ศรีสะเกษ,6,ขุขันธ์,ปราสาท
ศรีสะเกษ,6,ขุขันธ์,สำโรงตาเจ็น
ศรีสะเกษ,6,ขุขันธ์,ห้วยสำราญ
ศรีสะเกษ,6,ขุขันธ์,กฤษณา
ศรีสะเกษ,6,ขุขันธ์,ลมศักดิ์
ศรีสะเกษ,6,ขุขันธ์,หนองฉลอง
ศรีสะเกษ,6,ขุขันธ์,ศรีสะอาด
ศรีสะเกษ,6,ปรางค์กู่,พิมาย
ศรีสะเกษ,6,ปรางค์กู่,กู่
ศรีสะเกษ,6,ปรางค์กู่,หนองเชียงทูน
ศรีสะเกษ,6,ปรางค์กู่,สมอ
ศรีสะเกษ,6,ปรางค์กู่,โพธิ์ศรี
ศรีสะเกษ,6,ปรางค์กู่,ดู่
ศรีสะเกษ,6,ปรางค์กู่,สวาย
ศรีสะเกษ,6,ปรางค์กู่,พิมายเหนือ
ศรีสะเกษ,7,ปรางค์กู่,สำโรงปราสาท
ศรีสะเกษ,7,ปรางค์กู่,ตูม
ศรีสะเกษ,7,ห้วยทับทัน,
ศรีสะเกษ,7,อุทุมพรพิสัย,
ศรีสะเกษ,7,เมืองจันทร์,
ศรีสะเกษ,8,บึงบูรพ์,
ศรีสะเกษ,8,ยางชุมน้อย,
ศรีสะเกษ,8,ราษีไศล,
ศรีสะเกษ,8,ศิลาลาด,
ศรีสะเกษ,8,โพธิ์ศรีสุวรรณ,
สกลนคร,1,เมืองสกลนคร,
สกลนคร,2,กุสุมาลย์,
สกลนคร,2,ภูพาน,
สกลนคร,2,เต่างอย,
สกลนคร,2,โคกศรีสุพรรณ,
สกลนคร,2,โพนนาแก้ว,
สกลนคร,3,กุดบาก,
สกลนคร,3,นิคมน้ำอูน,
สกลนคร,3,พังโคน,
สกลนคร,3,วาริชภูมิ,
สกลนคร,3,ส่องดาว,
สกลนคร,4,สว่างแดนดิน,
สกลนคร,4,เจริญศิลป์,
สกลนคร,5,บ้านม่วง,
สกลนคร,5,วานรนิวาส,
สกลนคร,6,คำตากล้า,
สกลนคร,6,พรรณานิคม,
สกลนคร,6,อากาศอำนวย,
สงขลา,1,เมืองสงขลา,
สงขลา,2,หาดใหญ่,หาดใหญ่
สงขลา,2,หาดใหญ่,คลองแห
สงขลา,2,หาดใหญ่,คลองอู่ตะเภา
สงขลา,3,นาหม่อม,
สงขลา,3,หาดใหญ่,คูเต่า
สงขลา,3,หาดใหญ่,ฉลุง
สงขลา,3,หาดใหญ่,ทุ่งใหญ่
สงขลา,3,หาดใหญ่,ท่าข้าม
สงขลา,3,หาดใหญ่,น้ำน้อย
สงขลา,3,หาดใหญ่,ควนลัง
สงขลา,3,หาดใหญ่,ทุ่งตำเสา
สงขลา,3,หาดใหญ่,คอหงส์
สงขลา,4,กระแสสินธุ์,
สงขลา,4,ระโนด,
สงขลา,4,สทิงพระ,
สงขลา,4,สิงหนคร,รำแดง
สงขลา,4,สิงหนคร,วัดขนุน
สงขลา,4,สิงหนคร,ชะแล้
สงขลา,4,สิงหนคร,บางเขียด
สงขลา,4,สิงหนคร,ม่วงงาม
สงขลา,5,ควนเนียง,
สงขลา,5,บางกล่ำ,
สงขลา,5,รัตภูมิ,
สงขลา,5,สิงหนคร,ปากรอ
สงขลา,5,สิงหนคร,ป่าขาด
สงขลา,5,สิงหนคร,ทำนบ
สงขลา,5,สิงหนคร,ชิงโค
สงขลา,5,สิงหนคร,หัวเขา
สงขลา,5,สิงหนคร,สทิงหม้อ
สงขลา,6,คลองหอยโข่ง,
สงขลา,6,สะเดา,สะเดา
สงขลา,6,สะเดา,ปริก
สงขลา,6,สะเดา,พังลา
สงขลา,6,สะเดา,ทุ่งหมอ
สงขลา,6,สะเดา,ท่าโพธิ์
สงขลา,6,สะเดา,ปาดังเบซาร์
สงขลา,6,สะเดา,เขามีเกียรติ
สงขลา,6,หาดใหญ่,พะตง
สงขลา,6,หาดใหญ่,บ้านพรุ
สงขลา,7,นาทวี,
สงขลา,7,สะบ้าย้อย,
สงขลา,7,สะเดา,สำนักแต้ว
สงขลา,7,สะเดา,สำนักขาม
สงขลา,8,จะนะ,
สงขลา,8,เทพา,
สตูล,1,ควนกาหลง,ทุ่งนุ้ย
สตูล,1,ควนโดน,
สตูล,1,เมืองสตูล,
สตูล,2,ควนกาหลง,ควนกาหลง
สตูล,2,ควนกาหลง,อุใดเจริญ
สตูล,2,ทุ่งหว้า,
สตูล,2,ท่าแพ,
สตูล,2,มะนัง,
สตูล,2,ละงู,
สมุทรปราการ,1,เมืองสมุทรปราการ,บางโปรง
สมุทรปราการ,1,เมืองสมุทรปราการ,บางด้วน
สมุทรปราการ,1,เมืองสมุทรปราการ,บางเมือง
สมุทรปราการ,1,เมืองสมุทรปราการ,ท้ายบ้าน
สมุทรปราการ,1,เมืองสมุทรปราการ,ปากน้ำ
สมุทรปราการ,2,เมืองสมุทรปราการ,บางปู
สมุทรปราการ,2,เมืองสมุทรปราการ,บางปูใหม่
สมุทรปราการ,2,เมืองสมุทรปราการ,แพรกษา
สมุทรปราการ,2,เมืองสมุทรปราการ,แพรกษาใหม่
สมุทรปราการ,2,เมืองสมุทรปราการ,ท้ายบ้านใหม่
สมุทรปราการ,3,เมืองสมุทรปราการ,เทพารักษ์
สมุทรปราการ,3,เมืองสมุทรปราการ,สำโรงเหนือ
สมุทรปราการ,3,เมืองสมุทรปราการ,บางเมืองใหม่
สมุทรปราการ,4,บางพลี,บางพลีใหญ่
สมุทรปราการ,4,บางพลี,บางแก้ว
สมุทรปราการ,4,บางพลี,บางปลา
สมุทรปราการ,4,บางพลี,บางโฉลง
สมุทรปราการ,5,บางบ่อ,
สมุทรปราการ,5,บางพลี,หนองปรือ
สมุทรปราการ,5,บางพลี,ราชาเทวะ
สมุทรปราการ,5,บางเสาธง,
สมุทรปราการ,6,พระประแดง,ตลาด
สมุทรปราการ,6,พระประแดง,บางพึ่ง
สมุทรปราการ,6,พระประแดง,บางครุ
สมุทรปราการ,6,พระประแดง,บางหญ้าแพรก
สมุทรปราการ,6,พระประแดง,บางหัวเสือ
สมุทรปราการ,6,พระประแดง,สำโรงใต้
สมุทรปราการ,6,พระประแดง,บางยอ
สมุทรปราการ,6,พระประแดง,บางกะเจ้า
สมุทรปราการ,6,พระประแดง,บางน้ำผึ้ง
สมุทรปราการ,6,พระประแดง,บางกระสอบ
สมุทรปราการ,6,พระประแดง,บางกอบัว
สมุทรปราการ,6,พระประแดง,ทรงคนอง
สมุทรปราการ,6,พระประแดง,สำโรง
สมุทรปราการ,6,พระประแดง,สำโรงกลาง
สมุทรปราการ,7,พระประแดง,บางจาก
สมุทรปราการ,7,พระสมุทรเจดีย์,
สมุทรสงคราม,1,,
สมุทรสาคร,1,เมืองสมุทรสาคร,มหาชัย
สมุทรสาคร,1,เมืองสมุทรสาคร,ท่าฉลอม
สมุทรสาคร,1,เมืองสมุทรสาคร,โกรกกราก
สมุทรสาคร,1,เมืองสมุทรสาคร,บางหญ้าแพรก
สมุทรสาคร,1,เมืองสมุทรสาคร,ท่าทราย
สมุทรสาคร,1,เมืองสมุทรสาคร,คอกกระบือ
สมุทรสาคร,1,เมืองสมุทรสาคร,โคกขาม
สมุทรสาคร,1,เมืองสมุทรสาคร,พันท้ายนรสิงห์
สมุทรสาคร,1,เมืองสมุทรสาคร,บางน้ำจืด
สมุทรสาคร,2,กระทุ่มแบน,อ้อมน้อย
สมุทรสาคร,2,กระทุ่มแบน,สวนหลวง
สมุทรสาคร,2,กระทุ่มแบน,ตลาดกระทุ่มแบน
สมุทรสาคร,2,กระทุ่มแบน,ดอนไก่ดี
สมุทรสาคร,2,กระทุ่มแบน,ท่าไม้
สมุทรสาคร,2,กระทุ่มแบน,แคราย
สมุทรสาคร,2,กระทุ่มแบน,คลองมะเดื่อ
สมุทรสาคร,2,เมืองสมุทรสาคร,นาดี
สมุทรสาคร,3,กระทุ่มแบน,บางยาง
สมุทรสาคร,3,กระทุ่มแบน,หนองนกไข่
สมุทรสาคร,3,กระทุ่มแบน,ท่าเสา
สมุทรสาคร,3,บ้านแพ้ว,
สมุทรสาคร,3,เมืองสมุทรสาคร,นาโคก
สมุทรสาคร,3,เมืองสมุทรสาคร,กาหลง
สมุทรสาคร,3,เมืองสมุทรสาคร,บางโทรัด
สมุทรสาคร,3,เมืองสมุทรสาคร,บ้านบ่อ
สมุทรสาคร,3,เมืองสมุทรสาคร,ชัยมงคล
สมุทรสาคร,3,เมืองสมุทรสาคร,บางกระเจ้า
สมุทรสาคร,3,เมืองสมุทรสาคร,บ้านเกาะ
สมุทรสาคร,3,เมืองสมุทรสาคร,ท่าจีน
สระบุรี,1,พระพุทธบาท,
สระบุรี,1,เฉลิมพระเกียรติ,
สระบุรี,1,เมืองสระบุรี,
สระบุรี,2,มวกเหล็ก,
สระบุรี,2,วังม่วง,
สระบุรี,2,วิหารแดง,
สระบุรี,2,แก่งคอย,
สระบุรี,3,ดอนพุด,
สระบุรี,3,บ้านหมอ,
สระบุรี,3,หนองแค,
สระบุรี,3,หนองแซง,
สระบุรี,3,หนองโดน,
สระบุรี,3,เสาไห้,
สระแก้ว,1,วังน้ำเย็น,ทุ่งมหาเจริญ
สระแก้ว,1,เขาฉกรรจ์,
สระแก้ว,1,เมืองสระแก้ว,
สระแก้ว,2,คลองหาด,
สระแก้ว,2,วังน้ำเย็น,วังน้ำเย็น
สระแก้ว,2,วังน้ำเย็น,ตาหลังใน
สระแก้ว,2,วังน้ำเย็น,คลองหินปูน
สระแก้ว,2,วังสมบูรณ์,
สระแก้ว,2,วัฒนานคร,วัฒนานคร
สระแก้ว,2,วัฒนานคร,ท่าเกวียน
สระแก้ว,2,วัฒนานคร,ผักขะ
สระแก้ว,2,วัฒนานคร,โนนหมากเค็ง
สระแก้ว,2,วัฒนานคร,หนองน้ำใส
สระแก้ว,2,วัฒนานคร,หนองแวง
สระแก้ว,2,วัฒนานคร,หนองหมากฝ้าย
สระแก้ว,2,วัฒนานคร,หนองตะเคียนบอน
สระแก้ว,2,วัฒนานคร,ห้วยโจด
สระแก้ว,3,ตาพระยา,
สระแก้ว,3,วัฒนานคร,ช่องกุ่ม
สระแก้ว,3,วัฒนานคร,แซร์ออ
สระแก้ว,3,อรัญประเทศ,
สระแก้ว,3,โคกสูง,
สิงห์บุรี,1,,
สุพรรณบุรี,1,บางปลาม้า,จรเข้ใหญ่
สุพรรณบุรี,1,บางปลาม้า,โคกคราม
สุพรรณบุรี,1,บางปลาม้า,บางปลาม้า
สุพรรณบุรี,1,บางปลาม้า,องครักษ์
สุพรรณบุรี,1,บางปลาม้า,ตะค่า
สุพรรณบุรี,1,บางปลาม้า,วัดดาว
สุพรรณบุรี,1,บางปลาม้า,บ้านแหลม
สุพรรณบุรี,1,บางปลาม้า,ไผ่กองดิน
สุพรรณบุรี,1,เมืองสุพรรณบุรี,
สุพรรณบุรี,2,บางปลาม้า,บางใหญ่
สุพรรณบุรี,2,บางปลาม้า,กฤษณา
สุพรรณบุรี,2,บางปลาม้า,สาลี
สุพรรณบุรี,2,บางปลาม้า,มะขามล้ม
สุพรรณบุรี,2,บางปลาม้า,วังน้ำเย็น
สุพรรณบุรี,2,บางปลาม้า,วัดโบสถ์
สุพรรณบุรี,2,สองพี่น้อง,
สุพรรณบุรี,2,อู่ทอง,เจดีย์
สุพรรณบุรี,2,อู่ทอง,กระจัน
สุพรรณบุรี,2,อู่ทอง,จรเข้สามพัน
สุพรรณบุรี,2,อู่ทอง,ยุ้งทะลาย
สุพรรณบุรี,2,อู่ทอง,บ้านดอน
สุพรรณบุรี,2,อู่ทอง,สระยายโสม
สุพรรณบุรี,2,อู่ทอง,ดอนมะเกลือ
สุพรรณบุรี,2,อู่ทอง,สระพังลาน
สุพรรณบุรี,3,ดอนเจดีย์,ไร่รถ
สุพรรณบุรี,3,ดอนเจดีย์,ดอนเจดีย์
สุพรรณบุรี,3,ดอนเจดีย์,หนองสาหร่าย
สุพรรณบุรี,3,ศรีประจันต์,
สุพรรณบุรี,3,สามชุก,
สุพรรณบุรี,3,อู่ทอง,อู่ทอง
สุพรรณบุรี,3,อู่ทอง,หนองโอ่ง
สุพรรณบุรี,3,อู่ทอง,ดอนคา
สุพรรณบุรี,3,อู่ทอง,พลับพลาไชย
สุพรรณบุรี,3,อู่ทอง,บ้านโข้ง
สุพรรณบุรี,4,ดอนเจดีย์,สระกระโจม
สุพรรณบุรี,4,ดอนเจดีย์,ทะเลบก
สุพรรณบุรี,4,ด่านช้าง,
สุพรรณบุรี,4,หนองหญ้าไซ,
สุพรรณบุรี,4,เดิมบางนางบวช,
สุราษฎร์ธานี,1,เมืองสุราษฎร์ธานี,
สุราษฎร์ธานี,2,กาญจนดิษฐ์,ท่าทองใหม่
สุราษฎร์ธานี,2,กาญจนดิษฐ์,ท่าทอง
สุราษฎร์ธานี,2,กาญจนดิษฐ์,กะแดะ
สุราษฎร์ธานี,2,กาญจนดิษฐ์,ทุ่งกง
สุราษฎร์ธานี,2,กาญจนดิษฐ์,กรูด
สุราษฎร์ธานี,2,กาญจนดิษฐ์,พลายวาส
สุราษฎร์ธานี,2,กาญจนดิษฐ์,ตะเคียนทอง
สุราษฎร์ธานี,2,กาญจนดิษฐ์,ท่าอุแท
สุราษฎร์ธานี,2,ดอนสัก,
สุราษฎร์ธานี,2,เกาะพะงัน,
สุราษฎร์ธานี,2,เกาะสมุย,
สุราษฎร์ธานี,3,กาญจนดิษฐ์,ทุ่งรัง
สุราษฎร์ธานี,3,กาญจนดิษฐ์,ช้างซ้าย
สุราษฎร์ธานี,3,กาญจนดิษฐ์,ช้างขวา
สุราษฎร์ธานี,3,กาญจนดิษฐ์,ป่าร่อน
สุราษฎร์ธานี,3,กาญจนดิษฐ์,คลองสระ
สุราษฎร์ธานี,3,บ้านนาสาร,
สุราษฎร์ธานี,3,เวียงสระ,
สุราษฎร์ธานี,4,คีรีรัฐนิคม,กะเปา
สุราษฎร์ธานี,4,คีรีรัฐนิคม,ท่ากระดาน
สุราษฎร์ธานี,4,คีรีรัฐนิคม,ย่านยาว
สุราษฎร์ธานี,4,คีรีรัฐนิคม,ถ้ำสิงขร
สุราษฎร์ธานี,4,คีรีรัฐนิคม,บ้านทำเนียบ
สุราษฎร์ธานี,4,บ้านนาเดิม,
สุราษฎร์ธานี,4,พุนพิน,
สุราษฎร์ธานี,4,เคียนซา,เคียนซา
สุราษฎร์ธานี,4,เคียนซา,พ่วงพรมคร
สุราษฎร์ธานี,4,เคียนซา,เขาตอก
สุราษฎร์ธานี,4,เคียนซา,อรัญคามวารี
สุราษฎร์ธานี,5,ชัยบุรี,
สุราษฎร์ธานี,5,บ้านตาขุน,
สุราษฎร์ธานี,5,พนม,
สุราษฎร์ธานี,5,พระแสง,
สุราษฎร์ธานี,5,เคียนซา,บ้านเสด็จ
สุราษฎร์ธานี,6,คีรีรัฐนิคม,ท่าขนอน
สุราษฎร์ธานี,6,คีรีรัฐนิคม,น้ำหัก
สุราษฎร์ธานี,6,คีรีรัฐนิคม,บ้านยาง
สุราษฎร์ธานี,6,ท่าฉาง,
สุราษฎร์ธานี,6,ท่าชนะ,
สุราษฎร์ธานี,6,วิภาวดี,
สุราษฎร์ธานี,6,ไชยา,
สุรินทร์,1,ปราสาท,บ้านไทร
สุรินทร์,1,ปราสาท,ทมอ
สุรินทร์,1,ปราสาท,ไพล
สุรินทร์,1,ปราสาท,โคกยาง
สุรินทร์,1,ปราสาท,เชื้อเพลิง
สุรินทร์,1,ปราสาท,ทุ่งมน
สุรินทร์,1,ปราสาท,สมุด
สุรินทร์,1,ปราสาท,ประทัดบุ
สุรินทร์,1,ลำดวน,ลำดวน
สุรินทร์,1,ลำดวน,โชคเหนือ
สุรินทร์,1,ลำดวน,อู่โลก
สุรินทร์,1,ลำดวน,ตระเปียงเตีย
สุรินทร์,1,เมืองสุรินทร์,เทนมีย์
สุรินทร์,1,เมืองสุรินทร์,ตระแสง
สุรินทร์,1,เมืองสุรินทร์,ตาอ็อง
สุรินทร์,1,เมืองสุรินทร์,สวาย
สุรินทร์,1,เมืองสุรินทร์,นาบัว
สุรินทร์,1,เมืองสุรินทร์,เฉนียง
สุรินทร์,1,เมืองสุรินทร์,คอโค
สุรินทร์,1,เมืองสุรินทร์,นอกเมือง
สุรินทร์,1,เมืองสุรินทร์,สำโรง
สุรินทร์,2,ศีขรภูมิ,ช่างปี่
สุรินทร์,2,ศีขรภูมิ,จารพัต
สุรินทร์,2,เขวาสินรินทร์,
สุรินทร์,2,เมืองสุรินทร์,ในเมือง
สุรินทร์,2,เมืองสุรินทร์,ตั้งใจ
สุรินทร์,2,เมืองสุรินทร์,เพี้ยราม
สุรินทร์,2,เมืองสุรินทร์,นาดี
สุรินทร์,2,เมืองสุรินทร์,ท่าสว่าง
สุรินทร์,2,เมืองสุรินทร์,สลักได
สุรินทร์,2,เมืองสุรินทร์,แกใหญ่
สุรินทร์,2,เมืองสุรินทร์,เมืองที
สุรินทร์,2,เมืองสุรินทร์,ราม
สุรินทร์,2,เมืองสุรินทร์,บุฤาษี
สุรินทร์,2,เมืองสุรินทร์,แสลงพันธ์
สุรินทร์,2,เมืองสุรินทร์,กาเกาะ
สุรินทร์,3,จอมพระ,
สุรินทร์,3,ท่าตูม,เมืองแก
สุรินทร์,3,ท่าตูม,บะ
สุรินทร์,3,ท่าตูม,หนองเมธี
สุรินทร์,3,ท่าตูม,บัวโคก
สุรินทร์,3,ท่าตูม,กระโพ
สุรินทร์,3,รัตนบุรี,หนองบัวบาน
สุรินทร์,3,รัตนบุรี,เบิด
สุรินทร์,3,รัตนบุรี,ยางสว่าง
สุรินทร์,3,สนม,สนม
สุรินทร์,3,สนม,หนองระฆัง
สุรินทร์,3,สนม,นานวน
สุรินทร์,3,สนม,แคน
สุรินทร์,3,สนม,หนองอียอ
สุรินทร์,3,โนนนารายณ์,
สุรินทร์,4,ชุมพลบุรี,
สุรินทร์,4,ท่าตูม,ท่าตูม
สุรินทร์,4,ท่าตูม,พรมเทพ
สุรินทร์,4,ท่าตูม,โพนครก
สุรินทร์,4,ท่าตูม,หนองบัว
สุรินทร์,4,ท่าตูม,ทุ่งกุลา
สุรินทร์,4,รัตนบุรี,รัตนบุรี
สุรินทร์,4,รัตนบุรี,ธาตุ
สุรินทร์,4,รัตนบุรี,แก
สุรินทร์,4,รัตนบุรี,ดอนแรด
สุรินทร์,4,รัตนบุรี,หนองบัวทอง
สุรินทร์,4,รัตนบุรี,ไผ่
สุรินทร์,4,รัตนบุรี,น้ำเขียว
สุรินทร์,4,รัตนบุรี,กุดขาคีม
สุรินทร์,4,รัตนบุรี,ทับใหญ่
สุรินทร์,4,สนม,โพนโก
สุรินทร์,5,ลำดวน,ตรำดม
สุรินทร์,5,ศรีณรงค์,ตรวจ
สุรินทร์,5,ศรีณรงค์,แจนแวน
สุรินทร์,5,ศีขรภูมิ,ระแงง
สุรินทร์,5,ศีขรภูมิ,ตรึม
สุรินทร์,5,ศีขรภูมิ,ยาง
สุรินทร์,5,ศีขรภูมิ,แตล
สุรินทร์,5,ศีขรภูมิ,หนองบัว
สุรินทร์,5,ศีขรภูมิ,คาละแมะ
สุรินทร์,5,ศีขรภูมิ,หนองเหล็ก
สุรินทร์,5,ศีขรภูมิ,หนองขวาว
สุรินทร์,5,ศีขรภูมิ,กุดหวาย
สุรินทร์,5,ศีขรภูมิ,ขวาวใหญ่
สุรินทร์,5,ศีขรภูมิ,นารุ่ง
สุรินทร์,5,ศีขรภูมิ,ตรมไพร
สุรินทร์,5,ศีขรภูมิ,ผักไหม
สุรินทร์,5,สนม,หัวงัว
สุรินทร์,5,สำโรงทาบ,
สุรินทร์,6,บัวเชด,
สุรินทร์,6,ศรีณรงค์,ณรงค์
สุรินทร์,6,ศรีณรงค์,หนองแวง
สุรินทร์,6,ศรีณรงค์,ศรีสุข
สุรินทร์,6,สังขะ,
สุรินทร์,7,กาบเชิง,
สุรินทร์,7,ปราสาท,กังแอน
สุรินทร์,7,ปราสาท,ปรือ
สุรินทร์,7,ปราสาท,ตาเบา
สุรินทร์,7,ปราสาท,หนองใหญ่
สุรินทร์,7,ปราสาท,โคกสะอาด
สุรินทร์,7,ปราสาท,โชคนาสาม
สุรินทร์,7,ปราสาท,ปราสาททนง
สุรินทร์,7,ปราสาท,ตานี
สุรินทร์,7,ปราสาท,บ้านพลวง
สุรินทร์,7,ปราสาท,กันตวจระมวล
สุรินทร์,7,พนมดงรัก,
สุโขทัย,1,กงไกรลาศ,ไกรกลาง
สุโขทัย,1,กงไกรลาศ,ไกรใน
สุโขทัย,1,กงไกรลาศ,กกแรต
สุโขทัย,1,กงไกรลาศ,บ้านใหม่สุขเกษม
สุโขทัย,1,ศรีสำโรง,
สุโขทัย,1,เมืองสุโขทัย,
สุโขทัย,2,กงไกรลาศ,กง
สุโขทัย,2,กงไกรลาศ,บ้านกร่าง
สุโขทัย,2,กงไกรลาศ,ไกรนอก
สุโขทัย,2,กงไกรลาศ,ดงเดือย
สุโขทัย,2,กงไกรลาศ,ป่าแฝก
สุโขทัย,2,กงไกรลาศ,ท่าฉนวน
สุโขทัย,2,กงไกรลาศ,หนองตูม
สุโขทัย,2,คีรีมาศ,
สุโขทัย,2,ทุ่งเสลี่ยม,
สุโขทัย,2,บ้านด่านลานหอย,
สุโขทัย,3,ศรีนคร,
สุโขทัย,3,ศรีสัชนาลัย,
สุโขทัย,3,สวรรคโลก,
หนองคาย,1,สระใคร,
หนองคาย,1,เมืองหนองคาย,ในเมือง
หนองคาย,1,เมืองหนองคาย,มีชัย
หนองคาย,1,เมืองหนองคาย,โพธิ์ชัย
หนองคาย,1,เมืองหนองคาย,กวนวัน
หนองคาย,1,เมืองหนองคาย,วัดธาตุ
หนองคาย,1,เมืองหนองคาย,หาดคำ
หนองคาย,1,เมืองหนองคาย,หินโงม
หนองคาย,1,เมืองหนองคาย,บ้านเดื่อ
หนองคาย,1,เมืองหนองคาย,ค่ายบกหวาน
หนองคาย,1,เมืองหนองคาย,โพนสว่าง
หนองคาย,1,เมืองหนองคาย,หนองกอมเกาะ
หนองคาย,1,เมืองหนองคาย,ปะโค
หนองคาย,1,เมืองหนองคาย,เมืองหมี
หนองคาย,1,เมืองหนองคาย,สีกาย
หนองคาย,1,โพนพิสัย,เหล่าต่างคำ
หนองคาย,1,โพนพิสัย,ทุ่งหลวง
หนองคาย,1,โพนพิสัย,สร้างนางขาว
หนองคาย,2,รัตนวาปี,
หนองคาย,2,เฝ้าไร่,
หนองคาย,2,โพนพิสัย,จุมพล
หนองคาย,2,โพนพิสัย,วัดหลวง
หนองคาย,2,โพนพิสัย,กุดบง
หนองคาย,2,โพนพิสัย,ชุมช้าง
หนองคาย,2,โพนพิสัย,นาหนัง
หนองคาย,2,โพนพิสัย,เซิม
หนองคาย,2,โพนพิสัย,บ้านโพธิ์
หนองคาย,2,โพนพิสัย,บ้านผือ
หนองคาย,3,ท่าบ่อ,
หนองคาย,3,ศรีเชียงใหม่,
หนองคาย,3,สังคม,
หนองคาย,3,เมืองหนองคาย,พระธาตุบังพวน
หนองคาย,3,เมืองหนองคาย,เวียงคุก
หนองคาย,3,โพธิ์ตาก,
หนองบัวลำภู,1,เมืองหนองบัวลำภู,
หนองบัวลำภู,1,โนนสัง,กุดดู่
หนองบัวลำภู,1,โนนสัง,โนนสัง
หนองบัวลำภู,1,โนนสัง,บ้านค้อ
หนองบัวลำภู,1,โนนสัง,บ้านถิ่น
หนองบัวลำภู,1,โนนสัง,ปางกู่
หนองบัวลำภู,2,นาวัง,นาเหล่า
หนองบัวลำภู,2,นาวัง,นาแก
หนองบัวลำภู,2,นาวัง,วังทอง
หนองบัวลำภู,2,นาวัง,เทพคีรี
หนองบัวลำภู,2,ศรีบุญเรือง,
หนองบัวลำภู,2,โนนสัง,หนองเรือ
หนองบัวลำภู,2,โนนสัง,โนนเมือง
หนองบัวลำภู,2,โนนสัง,โคกใหญ่
หนองบัวลำภู,2,โนนสัง,โคกม่วง
หนองบัวลำภู,2,โนนสัง,นิคมพัฒนา
หนองบัวลำภู,3,นากลาง,
หนองบัวลำภู,3,นาวัง,วังปลาป้อม
หนองบัวลำภู,3,สุวรรณคูหา,
อำนาจเจริญ,1,หัวตะพาน,
อำนาจเจริญ,1,เมืองอำนาจเจริญ,
อำนาจเจริญ,2,ชานุมาน,
อำนาจเจริญ,2,ปทุมราชวงศา,
อำนาจเจริญ,2,พนา,
อำนาจเจริญ,2,ลืออำนาจ,
อำนาจเจริญ,2,เสนางคนิคม,
อุดรธานี,3,ทุ่งฝน,
อุดรธานี,3,บ้านดุง,
อุดรธานี,3,พิบูลย์รักษ์,นาทราย
อุดรธานี,3,สร้างคอม,
อุดรธานี,5,กุมภวาปี,สีออ
อุดรธานี,5,กุมภวาปี,เวียงคำ
อุดรธานี,5,กุมภวาปี,ท่าลี่
อุดรธานี,5,กู่แก้ว,
อุดรธานี,5,วังสามหมอ,
อุดรธานี,5,ศรีธาตุ,
อุดรธานี,5,ไชยวาน,
อุดรธานี,8,นายูง,
อุดรธานี,8,น้ำโสม,
อุดรธานี,8,บ้านผือ,
อุตรดิตถ์,1,ตรอน,
อุตรดิตถ์,1,ลับแล,
อุตรดิตถ์,1,เมืองอุตรดิตถ์,
อุตรดิตถ์,2,ทองแสนขัน,
อุตรดิตถ์,2,ท่าปลา,
อุตรดิตถ์,2,น้ำปาด,
อุตรดิตถ์,2,บ้านโคก,
อุตรดิตถ์,2,พิชัย,
อุตรดิตถ์,2,ฟากท่า,
อุทัยธานี,1,ทัพทัน,
อุทัยธานี,1,สว่างอารมณ์,
อุทัยธานี,1,หนองขาหย่าง,
อุทัยธานี,1,หนองฉาง,หนองฉาง
อุทัยธานี,1,หนองฉาง,หนองยาง
อุทัยธานี,1,หนองฉาง,หนองนางนวล
อุทัยธานี,1,หนองฉาง,หนองสรวง
อุทัยธานี,1,หนองฉาง,บ้านเก่า
อุทัยธานี,1,หนองฉาง,อุทัยเก่า
อุทัยธานี,1,หนองฉาง,ทุ่งพง
อุทัยธานี,1,เมืองอุทัยธานี,
อุทัยธานี,2,บ้านไร่,
อุทัยธานี,2,ลานสัก,
อุทัยธานี,2,หนองฉาง,ทุ่งโพ
อุทัยธานี,2,หนองฉาง,เขากวางทอง
อุทัยธานี,2,หนองฉาง,เขาบางแกรก
อุทัยธานี,2,ห้วยคต,
อุบลราชธานี,1,เมืองอุบลราชธานี,ในเมือง
อุบลราชธานี,1,เมืองอุบลราชธานี,หัวเรือ
อุบลราชธานี,1,เมืองอุบลราชธานี,หนองขอน
อุบลราชธานี,1,เมืองอุบลราชธานี,ปทุม
อุบลราชธานี,1,เมืองอุบลราชธานี,ขามใหญ่
อุบลราชธานี,1,เมืองอุบลราชธานี,แจระแม
อุบลราชธานี,1,เมืองอุบลราชธานี,หนองบ่อ
อุบลราชธานี,1,เมืองอุบลราชธานี,ไร่น้อย
อุบลราชธานี,1,เมืองอุบลราชธานี,ขี้เหล็ก
อุบลราชธานี,1,เมืองอุบลราชธานี,ปะอาว
อุบลราชธานี,2,ม่วงสามสิบ,
อุบลราชธานี,2,เขื่องใน,
อุบลราชธานี,3,นาเยีย,
อุบลราชธานี,3,วารินชำราบ,
อุบลราชธานี,4,เดชอุดม,เมืองเดช
อุบลราชธานี,4,เดชอุดม,นาส่วง
อุบลราชธานี,4,เดชอุดม,นาเจริญ
อุบลราชธานี,4,เดชอุดม,สมสะอาด
อุบลราชธานี,4,เดชอุดม,กุดประทาย
อุบลราชธานี,4,เดชอุดม,ตบหู
อุบลราชธานี,4,เดชอุดม,กลาง
อุบลราชธานี,4,เดชอุดม,แก้ง
อุบลราชธานี,4,เดชอุดม,ท่าโพธิ์ศรี
อุบลราชธานี,4,เดชอุดม,บัวงาม
อุบลราชธานี,4,เดชอุดม,คำครั่ง
อุบลราชธานี,4,เดชอุดม,นากระแซง
อุบลราชธานี,4,เดชอุดม,โพนงาม
อุบลราชธานี,4,เดชอุดม,ป่าโมง
อุบลราชธานี,4,เดชอุดม,โนนสมบูรณ์
อุบลราชธานี,5,กุดข้าวปุ้น,
อุบลราชธานี,5,ตระการพืชผล,
อุบลราชธานี,5,เหล่าเสือโก้ก,
อุบลราชธานี,6,นาตาล,
อุบลราชธานี,6,ศรีเมืองใหม่,นาเลิน
อุบลราชธานี,6,ศรีเมืองใหม่,หนามแท่ง
อุบลราชธานี,6,เขมราฐ,
อุบลราชธานี,6,โพธิ์ไทร,
อุบลราชธานี,7,ดอนมดแดง,
อุบลราชธานี,7,ตาลสุม,
อุบลราชธานี,7,ศรีเมืองใหม่,นาคำ
อุบลราชธานี,7,ศรีเมืองใหม่,แก้งกอก
อุบลราชธานี,7,ศรีเมืองใหม่,เอือดใหญ่
อุบลราชธานี,7,ศรีเมืองใหม่,วาริน
อุบลราชธานี,7,ศรีเมืองใหม่,ลาดควาย
อุบลราชธานี,7,ศรีเมืองใหม่,สงยาง
อุบลราชธานี,7,ศรีเมืองใหม่,ตะบ่าย
อุบลราชธานี,7,ศรีเมืองใหม่,คำไหล
อุบลราชธานี,7,ศรีเมืองใหม่,ดอนใหญ่
อุบลราชธานี,7,เมืองอุบลราชธานี,กระโสบ
อุบลราชธานี,7,เมืองอุบลราชธานี,กุดลาด
อุบลราชธานี,7,โขงเจียม,
อุบลราชธานี,8,พิบูลมังสาหาร,
อุบลราชธานี,8,สว่างวีระวงศ์,
อุบลราชธานี,8,สิรินธร,ฝางคำ
อุบลราชธานี,8,สิรินธร,คันไร่
อุบลราชธานี,8,สิรินธร,นิคมสร้างตนเองลำโดมน้อย
อุบลราชธานี,9,นาจะหลวย,
อุบลราชธานี,9,บุณฑริก,
อุบลราชธานี,9,สิรินธร,ช่องเม็ก
อุบลราชธานี,9,สิรินธร,โนนก่อ
อุบลราชธานี,9,สิรินธร,คำเขื่อนแก้ว
อุบลราชธานี,10,ทุ่งศรีอุดม,
อุบลราชธานี,10,น้ำขุ่น,
อุบลราชธานี,10,น้ำยืน,
อุบลราชธานี,10,สำโรง,
อุบลราชธานี,10,เดชอุดม,ทุ่งเทิง
อ่างทอง,1,,
เชียงราย,1,เมืองเชียงราย,เวียง
เชียงราย,1,เมืองเชียงราย,รอบเวียง
เชียงราย,1,เมืองเชียงราย,บ้านดู่
เชียงราย,1,เมืองเชียงราย,นางแล
เชียงราย,1,เมืองเชียงราย,แม่ข้าวต้ม
เชียงราย,1,เมืองเชียงราย,แม่ยาว
เชียงราย,1,เมืองเชียงราย,แม่กรณ์
เชียงราย,1,เมืองเชียงราย,ห้วยชมภู
เชียงราย,1,เมืองเชียงราย,ริมกก
เชียงราย,1,เมืองเชียงราย,ดอยฮาง
เชียงราย,1,เมืองเชียงราย,ท่าสุด
เชียงราย,2,เวียงป่าเป้า,
เชียงราย,2,แม่ลาว,
เชียงราย,2,แม่สรวย,
เชียงราย,3,พาน,
เชียงราย,3,เมืองเชียงราย,ท่าสาย
เชียงราย,3,เมืองเชียงราย,สันทราย
เชียงราย,3,เมืองเชียงราย,ป่าอ้อดอนชัย
เชียงราย,3,เมืองเชียงราย,ห้วยสัก
เชียงราย,3,เมืองเชียงราย,ดอยลาน
เชียงราย,4,ป่าแดด,
เชียงราย,4,เทิง,
เชียงราย,4,เวียงชัย,
เชียงราย,4,เวียงเชียงรุ้ง,
เชียงราย,5,ขุนตาล,
เชียงราย,5,พญาเม็งราย,
เชียงราย,5,เชียงของ,
เชียงราย,5,เชียงแสน,แม่เงิน
เชียงราย,5,เวียงแก่น,
เชียงราย,6,ดอยหลวง,
เชียงราย,6,เชียงแสน,เวียง
เชียงราย,6,เชียงแสน,ป่าสัก
เชียงราย,6,เชียงแสน,บ้านแซว
เชียงราย,6,เชียงแสน,ศรีดอนมูล
เชียงราย,6,เชียงแสน,โยนก
เชียงราย,6,แม่สาย,
เชียงราย,7,แม่จัน,
เชียงราย,7,แม่ฟ้าหลวง,
เชียงใหม่,1,เมืองเชียงใหม่,
เชียงใหม่,2,สารภี,
เชียงใหม่,2,หางดง,
เชียงใหม่,3,ดอยสะเก็ด,
เชียงใหม่,3,สันกำแพง,
เชียงใหม่,3,แม่ออน,
เชียงใหม่,4,พร้าว,
เชียงใหม่,4,สันทราย,
เชียงใหม่,4,แม่แตง,แม่หอพระ
เชียงใหม่,5,กัลยาณิวัฒนา,
เชียงใหม่,5,สะเมิง,
เชียงใหม่,5,แม่ริม,
เชียงใหม่,5,แม่แตง,สันมหาพน
เชียงใหม่,5,แม่แตง,แม่แตง
เชียงใหม่,5,แม่แตง,ขี้เหล็ก
เชียงใหม่,5,แม่แตง,ช่อแล
เชียงใหม่,5,แม่แตง,สบเปิง
เชียงใหม่,5,แม่แตง,บ้านเป้า
เชียงใหม่,5,แม่แตง,สันป่ายาง
เชียงใหม่,5,แม่แตง,ป่าแป๋
เชียงใหม่,5,แม่แตง,เมืองก๋าย
เชียงใหม่,5,แม่แตง,บ้านช้าง
เชียงใหม่,5,แม่แตง,กื้ดช้าง
เชียงใหม่,5,แม่แตง,อินทขิล
เชียงใหม่,6,เชียงดาว,
เชียงใหม่,6,เวียงแหง,
เชียงใหม่,6,ไชยปราการ,
เชียงใหม่,7,ฝาง,
เชียงใหม่,7,แม่อาย,
เชียงใหม่,8,จอมทอง,
เชียงใหม่,8,ดอยหล่อ,
เชียงใหม่,8,สันป่าตอง,
เชียงใหม่,8,แม่วาง,
เชียงใหม่,9,ดอยเต่า,
เชียงใหม่,9,อมก๋อย,
เชียงใหม่,9,ฮอด,
เชียงใหม่,9,แม่แจ่ม,
เพชรบุรี,1,บ้านแหลม,บางขุนไทร
เพชรบุรี,1,บ้านแหลม,ปากทะเล
เพชรบุรี,1,บ้านแหลม,บางแก้ว
เพชรบุรี,1,บ้านแหลม,แหลมผักเบี้ย
เพชรบุรี,1,บ้านแหลม,บางครก
เพชรบุรี,1,บ้านแหลม,ท่าแร้ง
เพชรบุรี,1,บ้านแหลม,ท่าแร้งออก
เพชรบุรี,1,เมืองเพชรบุรี,
เพชรบุรี,2,ชะอำ,
เพชรบุรี,2,ท่ายาง,
เพชรบุรี,3,บ้านลาด,
เพชรบุรี,3,บ้านแหลม,บ้านแหลม
เพชรบุรี,3,บ้านแหลม,บางตะบูน
เพชรบุรี,3,บ้านแหลม,บางตะบูนออก
เพชรบุรี,3,หนองหญ้าปล้อง,
เพชรบุรี,3,เขาย้อย,
เพชรบุรี,3,แก่งกระจาน,
เพชรบูรณ์,1,หล่มสัก,น้ำชุน
เพชรบูรณ์,1,หล่มสัก,บุ่งน้ำเต้า
เพชรบูรณ์,1,หล่มสัก,หนองไขว่
เพชรบูรณ์,1,หล่มสัก,น้ำก้อ
เพชรบูรณ์,1,หล่มสัก,บุ่งคล้า
เพชรบูรณ์,1,เขาค้อ,
เพชรบูรณ์,1,เมืองเพชรบูรณ์,ในเมือง
เพชรบูรณ์,1,เมืองเพชรบูรณ์,นางั่ว
เพชรบูรณ์,1,เมืองเพชรบูรณ์,ท่าพล
เพชรบูรณ์,1,เมืองเพชรบูรณ์,ท่าพล
เพชรบูรณ์,1,เมืองเพชรบูรณ์,สะเดียง
เพชรบูรณ์,1,เมืองเพชรบูรณ์,ป่าเลา
เพชรบูรณ์,1,เมืองเพชรบูรณ์,ดงมูลเหล็ก
เพชรบูรณ์,1,เมืองเพชรบูรณ์,บ้านโคก
เพชรบูรณ์,1,เมืองเพชรบูรณ์,ห้วยใหญ่
เพชรบูรณ์,2,น้ำหนาว,
เพชรบูรณ์,2,หล่มสัก,หล่มสัก
เพชรบูรณ์,2,หล่มสัก,วัดป่า
เพชรบูรณ์,2,หล่มสัก,ตาลเดี่ยว
เพชรบูรณ์,2,หล่มสัก,ฝายนาแซง
เพชรบูรณ์,2,หล่มสัก,หนองสว่าง
เพชรบูรณ์,2,หล่มสัก,น้ำเฮี้ย
เพชรบูรณ์,2,หล่มสัก,สักหลง
เพชรบูรณ์,2,หล่มสัก,ท่าอิบุญ
เพชรบูรณ์,2,หล่มสัก,บ้านโสก
เพชรบูรณ์,2,หล่มสัก,บ้านติ้ว
เพชรบูรณ์,2,หล่มสัก,ห้วยไร่
เพชรบูรณ์,2,หล่มสัก,ปากช่อง
เพชรบูรณ์,2,หล่มสัก,ลานบ่า
เพชรบูรณ์,2,หล่มสัก,บ้านกลาง
เพชรบูรณ์,2,หล่มสัก,ช้างตะลูด
เพชรบูรณ์,2,หล่มสัก,บ้านไร่
เพชรบูรณ์,2,หล่มสัก,ปากดุก
เพชรบูรณ์,2,หล่มสัก,บ้านหวาย
เพชรบูรณ์,2,หล่มเก่า,
เพชรบูรณ์,3,ชนแดน,
เพชรบูรณ์,3,วังโป่ง,
เพชรบูรณ์,3,เมืองเพชรบูรณ์,วังชมภู
เพชรบูรณ์,3,เมืองเพชรบูรณ์,วังชมภู
เพชรบูรณ์,3,เมืองเพชรบูรณ์,ห้วยสะแก
เพชรบูรณ์,3,เมืองเพชรบูรณ์,นายม
เพชรบูรณ์,3,เมืองเพชรบูรณ์,บ้านโตก
เพชรบูรณ์,3,เมืองเพชรบูรณ์,น้ำร้อน
เพชรบูรณ์,3,เมืองเพชรบูรณ์,ชอนไพร
เพชรบูรณ์,3,เมืองเพชรบูรณ์,ตะเบาะ
เพชรบูรณ์,3,เมืองเพชรบูรณ์,นาป่า
เพชรบูรณ์,4,บึงสามพัน,
เพชรบูรณ์,4,วิเชียรบุรี,สามแยก
เพชรบูรณ์,4,หนองไผ่,
เพชรบูรณ์,4,เมืองเพชรบูรณ์,ระวิง
เพชรบูรณ์,5,วิเชียรบุรี,ท่าโรง
เพชรบูรณ์,5,วิเชียรบุรี,สระประดู่
เพชรบูรณ์,5,วิเชียรบุรี,โคกปรง
เพชรบูรณ์,5,วิเชียรบุรี,น้ำร้อน
เพชรบูรณ์,5,วิเชียรบุรี,บ่อรัง
เพชรบูรณ์,5,วิเชียรบุรี,พุเตย
เพชรบูรณ์,5,วิเชียรบุรี,พุขาม
เพชรบูรณ์,5,วิเชียรบุรี,ภูน้ำหยด
เพชรบูรณ์,5,วิเชียรบุรี,ซับสมบูรณ์
เพชรบูรณ์,5,วิเชียรบุรี,บึงกระจับ
เพชรบูรณ์,5,วิเชียรบุรี,วังใหญ่
เพชรบูรณ์,5,วิเชียรบุรี,ยางสาว
เพชรบูรณ์,5,วิเชียรบุรี,ซับน้อย
เพชรบูรณ์,5,ศรีเทพ,
เลย,1,นาด้วง,
เลย,1,ปากชม,
เลย,1,เมืองเลย,
เลย,1,เอราวัณ,เอราวัณ
เลย,1,เอราวัณ,ผาอินทร์แปลง
เลย,2,ผาขาว,
เลย,2,ภูกระดึง,
เลย,2,ภูหลวง,
เลย,2,วังสะพุง,วังสะพุง
เลย,2,วังสะพุง,หนองหญ้าปล้อง
เลย,2,วังสะพุง,ผาน้อย
เลย,2,วังสะพุง,ผาบิ้ง
เลย,2,วังสะพุง,โคกขมิ้น
เลย,2,วังสะพุง,ศรีสงคราม
เลย,2,หนองหิน,
เลย,2,เอราวัณ,ผาสามยอด
เลย,2,เอราวัณ,ทรัพย์ไพวัลย์
เลย,3,ด่านซ้าย,
เลย,3,ท่าลี่,
เลย,3,นาแห้ว,
เลย,3,ภูเรือ,
เลย,3,วังสะพุง,ทรายขาว
เลย,3,วังสะพุง,หนองงิ้ว
เลย,3,วังสะพุง,ปากปวน
เลย,3,วังสะพุง,เขาหลวง
เลย,3,เชียงคาน,
แพร่,1,ร้องกวาง,
แพร่,1,สอง,
แพร่,1,หนองม่วงไข่,
แพร่,1,เมืองแพร่,
แพร่,2,ลอง,
แพร่,2,วังชิ้น,
แพร่,2,สูงเม่น,
แพร่,2,เด่นชัย,
แม่ฮ่องสอน,1,,
อุดรธานี,1,เมืองอุดรธานี,หมากแข้ง
อุดรธานี,1,เมืองอุดรธานี,บ้านจั่น
อุดรธานี,1,เมืองอุดรธานี,บ้านเลื่อม
อุดรธานี,1,เมืองอุดรธานี,หนองขอนกว้าง
อุดรธานี,1,เมืองอุดรธานี,หมูม่น
อุดรธานี,1,เมืองอุดรธานี,นาดี
อุดรธานี,1,เมืองอุดรธานี,บ้านเลื่อม
อุดรธานี,1,เมืองอุดรธานี,เชียงพิณ
อุดรธานี,1,เมืองอุดรธานี,หนองบัว
อุดรธานี,1,เมืองอุดรธานี,นาดี
อุดรธานี,7,กุดจับ,
อุดรธานี,7,หนองวัวซอ,
อุดรธานี,7,เมืองอุดรธานี,หนองไฮ
อุดรธานี,7,เมืองอุดรธานี,โคกสะอาด
อุดรธานี,7,เมืองอุดรธานี,นิคมสงเคราะห์
อุดรธานี,7,เมืองอุดรธานี,เชียงพิณ
อุดรธานี,7,เมืองอุดรธานี,เชียงยืน
อุดรธานี,7,เมืองอุดรธานี,บ้านเลื่อม
อุดรธานี,7,เมืองอุดรธานี,นิคมสงเคราะห์
อุดรธานี,2,พิบูลย์รักษ์,บ้านแดง
อุดรธานี,2,พิบูลย์รักษ์,ดอนกลอย
อุดรธานี,2,เพ็ญ,
อุดรธานี,2,เมืองอุดรธานี,บ้านขาว
อุดรธานี,2,เมืองอุดรธานี,นาข่า
อุดรธานี,2,เมืองอุดรธานี,นากว้าง
อุดรธานี,2,เมืองอุดรธานี,กุดสระ
อุดรธานี,2,เมืองอุดรธานี,หนองบัว
อุดรธานี,2,เมืองอุดรธานี,สามพร้าว
อุดรธานี,2,เมืองอุดรธานี,หมูม่น
อุดรธานี,2,เมืองอุดรธานี,นาข่า
นครศรีธรรมราช,1,เมืองนครศรีธรรมราช,ท่าไร่
นครศรีธรรมราช,1,เมืองนครศรีธรรมราช,ปากนคร
นครศรีธรรมราช,1,เมืองนครศรีธรรมราช,บางจาก
นครศรีธรรมราช,1,เมืองนครศรีธรรมราช,ไชยมนตรี
นครศรีธรรมราช,1,เมืองนครศรีธรรมราช,มะม่วงสองต้น
นครศรีธรรมราช,1,เมืองนครศรีธรรมราช,โพธิ์เสด็จ
นครศรีธรรมราช,1,เมืองนครศรีธรรมราช,ท่าเรือ
นครศรีธรรมราช,1,เมืองนครศรีธรรมราช,ท่าซัก
นครศรีธรรมราช,1,เมืองนครศรีธรรมราช,ในเมือง
ระยอง,1,เมืองระยอง,ท่าประดู่
ระยอง,1,เมืองระยอง,เชิงเนิน
ระยอง,1,เมืองระยอง,ตะพง
ระยอง,1,เมืองระยอง,ปากน้ำ
ระยอง,1,เมืองระยอง,เพ
ระยอง,1,เมืองระยอง,แกลง
ระยอง,1,เมืองระยอง,บ้านแลง
ระยอง,1,เมืองระยอง,นาตาขวัญ
ระยอง,1,เมืองระยอง,เนินพระ
ระยอง,1,เมืองระยอง,กะเฉด
ระยอง,1,เมืองระยอง,ทับมา
ระยอง,1,เมืองระยอง,น้ำคอก
ระยอง,1,เมืองระยอง,ห้วยโป่ง
ระยอง,1,เมืองระยอง,มาบตาพุด
ระยอง,1,เมืองระยอง,สำนักทอง
ระยอง,4,บ้านฉาง,
ระยอง,4,เมืองระยอง,มาบตาพุด
ระยอง,4,เมืองระยอง,ทับมา
ระยอง,4,เมืองระยอง,เนินพระ
ระยอง,3,นิคมพัฒนา,
ระยอง,3,บ้านค่าย,
ระยอง,3,ปลวกแดง,
ปทุมธานี,2,คลองหลวง,คลองหนึ่ง
ปทุมธานี,2,คลองหลวง,คลองสอง
ปทุมธานี,2,สามโคก,
ปทุมธานี,2,เมืองปทุมธานี,บ้านกลาง
ปทุมธานี,2,เมืองปทุมธานี,บ้านกระแชง
ปทุมธานี,2,เมืองปทุมธานี,บางพูด
ปทุมธานี,2,เมืองปทุมธานี,บางพูน
ปทุมธานี,2,เมืองปทุมธานี,สวนพริกไทย
ปทุมธานี,2,เมืองปทุมธานี,หลักหก
ปทุมธานี,3,คลองหลวง,คลองหนึ่ง
ปทุมธานี,3,คลองหลวง,คลองสอง
ปทุมธานี,3,คลองหลวง,คลองสาม
ปทุมธานี,3,คลองหลวง,คลองสี่
อุดรธานี,4,ประจักษ์ศิลปาคม,
อุดรธานี,4,หนองหาน,
อุดรธานี,4,เมืองอุดรธานี,โนนสูง
อุดรธานี,4,เมืองอุดรธานี,หนองนาคำ
อุดรธานี,4,เมืองอุดรธานี,หนองไผ่
อุดรธานี,4,เมืองอุดรธานี,หนองขอนกว้าง
อุดรธานี,4,เมืองอุดรธานี,โนนสูง
อุดรธานี,6,กุมภวาปี,ตูมใต้
อุดรธานี,6,กุมภวาปี,พันดอน
อุดรธานี,6,กุมภวาปี,แชแล
อุดรธานี,6,กุมภวาปี,เชียงแหว
อุดรธานี,6,กุมภวาปี,ห้วยเกิ้ง
อุดรธานี,6,กุมภวาปี,เสอเพลอ
อุดรธานี,6,กุมภวาปี,ปะโค
อุดรธานี,6,กุมภวาปี,ผาสุก
อุดรธานี,6,กุมภวาปี,กุมภวาปี
อุดรธานี,6,กุมภวาปี,หนองหว้า
อุดรธานี,6,หนองแสง,
อุดรธานี,6,เมืองอุดรธานี,บ้านจั่น
อุดรธานี,6,เมืองอุดรธานี,บ้านจั่น
อุดรธานี,6,เมืองอุดรธานี,บ้านตาด
อุดรธานี,6,โนนสะอาด,
ลำปาง,1,ห้างฉัตร,
ลำปาง,1,เมืองลำปาง,เวียงเหนือ
ลำปาง,1,เมืองลำปาง,หัวเวียง
ลำปาง,1,เมืองลำปาง,สวนดอก
ลำปาง,1,เมืองลำปาง,สบตุ๋ย
ลำปาง,1,เมืองลำปาง,พระบาท
ลำปาง,1,เมืองลำปาง,ชมพู
ลำปาง,1,เมืองลำปาง,กล้วยแพะ
ลำปาง,1,เมืองลำปาง,ปงแสนทอง
ลำปาง,1,เมืองลำปาง,บ้านแลง
ลำปาง,1,เมืองลำปาง,พิชัย
ลำปาง,1,เมืองลำปาง,ทุ่งฝาย
ลำปาง,1,เมืองลำปาง,บ้านเอื้อม
ลำปาง,1,เมืองลำปาง,บ้านเป้า
ลำปาง,1,เมืองลำปาง,บ้านค่า
ลำปาง,1,เมืองลำปาง,บ่อแฮ้ว
ลำปาง,1,เมืองลำปาง,ต้นธงชัย
ลำปาง,1,เมืองลำปาง,นิคมพัฒนา
ลำปาง,1,เมืองลำปาง,บุญนาคพัฒนา
ลำปาง,3,เมืองลำปาง,กล้วยแพะ
ลำปาง,3,เมืองลำปาง,ปงแสนทอง
ลำปาง,3,เมืองลำปาง,พระบาท
ลำปาง,3,เมืองลำปาง,ชมพู
ลำปาง,3,เมืองลำปาง,พิชัย
ลำปาง,3,เมืองลำปาง,บ้านเสด็จ
ลำปาง,3,แม่ทะ,
ลำปาง,3,แม่เมาะ,
