Name,Id,Color,PartyType,PartyOrdinal,PartyGroup,Description,EstablishedDate,DissolvedDate,Speaker,FirstDeputySpeaker,SecondDeputySpeaker,Whip,OppositionLeader,PartyLeader,PartySecretary,Website,Facebook,Twitter,IsActive,EnName,Images
สภาผู้แทนราษฎร,1,,สส,25,,ส่วนหนึ่งของฝ่ายนิติบัญญัติ ที่มาจากการเลือกตั้งทั่วไป พ.ศ. 2562 ประกอบด้วยสมาชิก (ส.ส.) 500 คนตามระบบจัดสรรปันส่วนผสม โดย 350 คนเป็นผู้แทนเขต และอีก 150 คนมาจากระบบบัญชีรายชื่อ ฝ่ายรัฐบาลเป็นรัฐบาลผสมพรรคพลังประชารัฐ,2019-03-24,,นาย ชวน หลีกภัย,นาย สุชาติ ตันเจริญ,นาย ศุภชัย โพธิ์สุ,นาย นิโรธ สุนทรเลขา,นาย ชลน่าน ศรีแก้ว,,,https://www.parliament.go.th,https://www.facebook.com/thaiparliament,,true,House of Representatives,
วุฒิสภา,2,,สว,12,,ส่วนหนึ่งของฝ่ายนิติบัญญัติ มีสมาชิก (ส.ว.) 250 คนที่ไม่ได้มาจากการเลือกตั้ง โดย 244 คนมาจากการสรรหา และอีก 6 คนเป็นสมาชิกโดยตำแหน่ง มีอำนาจเพิ่มเติมตามบทเฉพาะกาลของรัฐธรรมนูญให้ร่วมเลือกนายกรัฐมนตรีและเร่งรัดการปฏิรูปประเทศของคณะรัฐมนตรีตลอดจนพิจารณากฎหมายที่เห็นว่าเกี่ยวข้อง,2019-05-28,,ศาสตราจารย์พิเศษ พรเพชร วิชิตชลชัย,พลเอก สิงห์ศึก สิงห์ไพร,นาย ศุภชัย สมเจริญ,,,,,https://www.senate.go.th,https://www.facebook.com/SenateThailand,,true,Senate,senate.jpg(undefined)
คณะรัฐมนตรี,3,,ครม,62,,คณะบุคคลที่ทำหน้าที่บริหารราชการแผ่นดิน โดย ครม. ชุดนี้ เกิดจากการนำของพรรคพลังประชารัฐ ร่วมกับพรรคการเมืองอีก 19 พรรคเสนอชื่อพลเอก ประยุทธ์ จันทร์โอชา ซึ่งเคยดำรงตำแหน่งนายกฯ และหัวหน้าคสช. มาเป็นเวลา 5 ปี เป็นนายกรัฐมนตรีต่ออีกสมัย ทำให้ ครม. ชุดนี้มีอีกชื่อเรียกว่าคณะรัฐมนตรีประยุทธ์ 2,2019-07-10,,,,,,,,,https://www.thaigov.go.th,https://www.facebook.com/ThaigovSpokesman,,true,Cabinet,
ครูไทยเพื่อประชาชน,4,#025032,พรรค,,ร่วมรัฐบาล,จัดตั้งขึ้นเพื่อนำเสนอแนวนโยบายหลักในการปลดหนี้สินครู และกองทุนเงินให้กู้ยืมเพื่อการศึกษา,2011-06-28,,,,,,,นาย ปรีดา บุญเพลิง,นาย ชัยพร ธนถาวรกิจ,,https://www.facebook.com/thaiteachersforpeopleparty/,,true,Thai Teacher for People Party,%E0%B8%84%E0%B8%A3%E0%B8%B9%E0%B9%84%E0%B8%97%E0%B8%A2%E0%B9%80%E0%B8%9E%E0%B8%B7%E0%B9%88%E0%B8%AD%E0%B8%9B%E0%B8%A3%E0%B8%B0%E0%B8%8A%E0%B8%B2%E0%B8%8A%E0%B8%99.jpg(https://sheets.wevis.info/download/noco/They-Work-For-Us/Parties/Images/%E0%B8%84%E0%B8%A3%E0%B8%B9%E0%B9%84%E0%B8%97%E0%B8%A2%E0%B9%80%E0%B8%9E%E0%B8%B7%E0%B9%88%E0%B8%AD%E0%B8%9B%E0%B8%A3%E0%B8%B0%E0%B8%8A%E0%B8%B2%E0%B8%8A%E0%B8%99.jpg)
ชาติไทยพัฒนา,5,#FF5BD1,พรรค,,ร่วมรัฐบาล,จัดตั้งขึ้นเพื่อรองรับ ส.ส. จากพรรคชาติไทย ซึ่งถูกยุบพรรคในปี 2551 มีฐานเสียงหลักอยู่ที่จังหวัดสุพรรณบุรี,2008-04-18,,,,,,,นาย วราวุธ ศิลปอาชา,นาย ประภัตร โพธสุธน,http://www.chartthaipattana.or.th,https://www.facebook.com/pg/ChartthaipattanaParty,https://twitter.com/ChartthaiPT,true,Chartthaipattana Party,%E0%B8%8A%E0%B8%B2%E0%B8%95%E0%B8%B4%E0%B9%84%E0%B8%97%E0%B8%A2%E0%B8%9E%E0%B8%B1%E0%B8%92%E0%B8%99%E0%B8%B2.jpg(https://sheets.wevis.info/download/noco/They-Work-For-Us/Parties/Images/%E0%B8%8A%E0%B8%B2%E0%B8%95%E0%B8%B4%E0%B9%84%E0%B8%97%E0%B8%A2%E0%B8%9E%E0%B8%B1%E0%B8%92%E0%B8%99%E0%B8%B2.jpg)
ไทยศรีวิไลย์,7,#3680C2,พรรค,,ฝ่ายค้าน,พรรคภายใต้การนำของนาย มงคลกิตติ์ สุขสินธารานนท์ เลขาธิการภาคีเครือข่ายต่อต้านการทุจริตคอร์รัปชั่นแห่งชาติ หลังการเลือกตั้งปี 62 ได้เข้าเป็นพรรคร่วมรัฐบาลระยะหนึ่ง ก่อนประกาศถอนตัวและขอเป็นฝ่ายค้านอิสระ,2018-10-24,,,,,,,นาย มงคลกิตติ์ สุขสินธารานนท์,นาย ศยุน ชัยปัญญา,,https://www.facebook.com/THAICIVILIZEDPARTY/,,true,Thai Civilized Party,%E0%B9%84%E0%B8%97%E0%B8%A2%E0%B8%A8%E0%B8%A3%E0%B8%B5%E0%B8%A7%E0%B8%B4%E0%B9%84%E0%B8%A5%E0%B8%A2%E0%B9%8C.jpg(https://sheets.wevis.info/download/noco/They-Work-For-Us/Parties/Images/%E0%B9%84%E0%B8%97%E0%B8%A2%E0%B8%A8%E0%B8%A3%E0%B8%B5%E0%B8%A7%E0%B8%B4%E0%B9%84%E0%B8%A5%E0%B8%A2%E0%B9%8C.jpg)
ไทรักธรรม,8,#e43ba2,พรรค,,ร่วมรัฐบาล,มีชื่อเดิมว่า 'พรรคไทยรักธรรม' ในการเลือกตั้งปี 62 ได้รับเลือกตั้ง ส.ส.แบบบัญชีรายชื่อ 1 คน แต่ต่อมา กกต. ประกาศให้พ้นจากสภาพ ส.ส. เนื่องจากมีการเลือกตั้งซ่อมในจังหวัดเชียงใหม่ เขต 8 ส่งผลให้มีการคำนวณคะแนนใหม่,2013-08-16,2022-10-19,,,,,,นาย พีระวิทย์ เรื่องลือดลภาค,นาย จตุรวิทย์ กาละมิตร์,,https://www.facebook.com/Thairaktham/,,false,Tairaktham Party,%E0%B9%84%E0%B8%97%E0%B8%A3%E0%B8%B1%E0%B8%81%E0%B8%98%E0%B8%A3%E0%B8%A3%E0%B8%A1.jpg(https://sheets.wevis.info/download/noco/They-Work-For-Us/Parties/Images/%E0%B9%84%E0%B8%97%E0%B8%A3%E0%B8%B1%E0%B8%81%E0%B8%98%E0%B8%A3%E0%B8%A3%E0%B8%A1.jpg)
ประชาชาติ,9,#A56F05,พรรค,,ฝ่ายค้าน,เป็นจากการรวมตัวกันของกลุ่มบุคคลที่มีความหลากหลาย โดยเน้นการทำงานทางการเมืองเพื่อสร้างชาติที่เป็นสังคมพหุวัฒนธรรม โดย 6 ที่นั่งของ ส.ส. เขตที่ได้รับเลือกในการเลือกตั้งปี 62 เป็นเขตเลือกตั้งในพื้นที่สามจังหวัดชายแดนภาคใต้ทั้งหมด,2018-10-31,,,,,,,นาย วันมูหะมัดนอร์ มะทา,พ.ต.อ. ทวี สอดส่อง,https://prachachat.org,https://www.facebook.com/PrachachatPeopleNation,,true,Prachachart Party,%E0%B8%9B%E0%B8%A3%E0%B8%B0%E0%B8%8A%E0%B8%B2%E0%B8%8A%E0%B8%B2%E0%B8%95%E0%B8%B4.jpg(https://sheets.wevis.info/download/noco/They-Work-For-Us/Parties/Images/%E0%B8%9B%E0%B8%A3%E0%B8%B0%E0%B8%8A%E0%B8%B2%E0%B8%8A%E0%B8%B2%E0%B8%95%E0%B8%B4.jpg)
ประชาธรรมไทย,10,#D30009,พรรค,,ร่วมรัฐบาล,"พรรคภายใต้การนำของนาย พิเชษฐ สถิรชวาล อดีต รมต. คมนาคม, รมช. อุตสาหกรรม, และผอ. ขสมก. หลังการเลือกตั้งปี 62 ได้เข้าเป็นพรรคร่วมรัฐบาลระยะหนึ่ง ก่อนประกาศถอนตัวและขอเป็นฝ่ายค้านอิสระ",2018-11-02,2021-11-18,,,,,,นาย พิเชษฐ สถิรชวาล,,http://www.prachatumthai.com,https://www.facebook.com/THPJ.Party/,,false,Thai People Justice Party,%E0%B8%9B%E0%B8%A3%E0%B8%B0%E0%B8%8A%E0%B8%B2%E0%B8%98%E0%B8%A3%E0%B8%A3%E0%B8%A1%E0%B9%84%E0%B8%97%E0%B8%A2.jpg(https://sheets.wevis.info/download/noco/They-Work-For-Us/Parties/Images/%E0%B8%9B%E0%B8%A3%E0%B8%B0%E0%B8%8A%E0%B8%B2%E0%B8%98%E0%B8%A3%E0%B8%A3%E0%B8%A1%E0%B9%84%E0%B8%97%E0%B8%A2.jpg)
ประชาธิปไตยใหม่,11,#F33937,พรรค,,ร่วมรัฐบาล,เคยทำงานเป็นพรรคร่วมรัฐบาลยิ่งลักษณ์ในปี 54 ประกาศจุดยืนว่าเป็นเป็นพรรคสวัสดิการสังคมที่มีกษัตริย์เป็นประมุข,2011-04-21,,,,,,,นาย สุรทิน พิจารณ์,,,https://www.facebook.com/profile.php?id=100087374330256,,true,New Democracy Party,%E0%B8%9B%E0%B8%A3%E0%B8%B0%E0%B8%8A%E0%B8%B2%E0%B8%98%E0%B8%B4%E0%B8%9B%E0%B9%84%E0%B8%95%E0%B8%A2%E0%B9%83%E0%B8%AB%E0%B8%A1%E0%B9%88.jpg(https://sheets.wevis.info/download/noco/They-Work-For-Us/Parties/Images/%E0%B8%9B%E0%B8%A3%E0%B8%B0%E0%B8%8A%E0%B8%B2%E0%B8%98%E0%B8%B4%E0%B8%9B%E0%B9%84%E0%B8%95%E0%B8%A2%E0%B9%83%E0%B8%AB%E0%B8%A1%E0%B9%88.jpg)
ประชาธิปัตย์,12,#6DD3FF,พรรค,,ร่วมรัฐบาล,พรรคการเมืองที่เก่าแก่ที่สุดที่ยังดำเนินการอยู่ของไทย จัดตั้งขึ้นก่อนที่จะมีพระราชบัญญัติพรรคการเมือง เคยมีฐานเสียงสำคัญอยู่ในภาคใต้ ปัจจุบันมีอุดมการณ์แบบประชาธิปไตยเสรีนิยม และมีจุดยืนต่อต้านระบอบทักษิณ,1946-04-06,,,,,,,นาย จุรินทร์ ลักษณวิศิษฏ์,นาย เฉลิมชัย ศรีอ่อน,https://www.democrat.or.th/home,https://www.facebook.com/DemocratPartyTH/,http://twitter.com/democratTH,true,Democrat Party,%E0%B8%9B%E0%B8%A3%E0%B8%B0%E0%B8%8A%E0%B8%B2%E0%B8%98%E0%B8%B4%E0%B8%9B%E0%B8%B1%E0%B8%95%E0%B8%A2%E0%B9%8C.jpg(https://sheets.wevis.info/download/noco/They-Work-For-Us/Parties/Images/%E0%B8%9B%E0%B8%A3%E0%B8%B0%E0%B8%8A%E0%B8%B2%E0%B8%98%E0%B8%B4%E0%B8%9B%E0%B8%B1%E0%B8%95%E0%B8%A2%E0%B9%8C.jpg)
ประชานิยม,13,#F21E29,พรรค,,ร่วมรัฐบาล,จัดตั้งโดยอดีตผู้ช่วยผู้บัญชาการตำรวจแห่งชาติ ในช่วงแรก ถูกมองว่าเป็นพรรคการเมืองที่เป็นนอมินีของพรรคเพื่อไทย แต่หัวหน้าพรรคได้ออกมาปฏิเสธพร้อมกับกล่าวว่านโยบายของพรรคตรงกับนโยบายของรัฐบาล,2018-11-07,2020-07-14,,,,,,พล.ต.อ. ยงยุทธ เทพจำนงค์,พล.ต.ต. วรยุทธ อินทรสุวรรณ,,https://www.facebook.com/prashaniyomparty/,,false,Prachaniyom Party,%E0%B8%9B%E0%B8%A3%E0%B8%B0%E0%B8%8A%E0%B8%B2%E0%B8%99%E0%B8%B4%E0%B8%A2%E0%B8%A1.jpg(https://sheets.wevis.info/download/noco/They-Work-For-Us/Parties/Images/%E0%B8%9B%E0%B8%A3%E0%B8%B0%E0%B8%8A%E0%B8%B2%E0%B8%99%E0%B8%B4%E0%B8%A2%E0%B8%A1.jpg)
ประชาภิวัฒน์,14,#005847,พรรค,,ร่วมรัฐบาล,พรรคภายใต้การนำของนาย สมเกียรติ ศรลัมพ์ ศิษย์วัดธรรมกาย มีฐานเสียงจากพื้นที่อำเภอหันคา จังหวัดชัยนาท และมวลชนธรรมกาย ชูนโยบายขับเคลื่อนประเทศด้วยศาสนา,2018-08-10,,,,,,,นาย สมเกียรติ ศรลัมพ์,นาง นันทนา สงฆ์ประชา,https://www.prachapiwat.com/,https://www.facebook.com/love.at.first.sight.prachapiwat/,,true,People Progressive Party,%E0%B8%9B%E0%B8%A3%E0%B8%B0%E0%B8%8A%E0%B8%B2%E0%B8%A0%E0%B8%B4%E0%B8%A7%E0%B8%B1%E0%B8%92%E0%B8%99%E0%B9%8C.jpg(https://sheets.wevis.info/download/noco/They-Work-For-Us/Parties/Images/%E0%B8%9B%E0%B8%A3%E0%B8%B0%E0%B8%8A%E0%B8%B2%E0%B8%A0%E0%B8%B4%E0%B8%A7%E0%B8%B1%E0%B8%92%E0%B8%99%E0%B9%8C.jpg)
เราทำได้,15,#181D54,พรรค,,ร่วมรัฐบาล,เดิมชื่อพรรคพลเมืองไทย และพลังพลเมืองไทย ตามลำดับ เกิดจากการรวมตัวกันของอดีตรัฐมนตรีและอดีต ส.ส. จากทั่วทุกภาค หลังเลือกตั้ง 62 หัวหน้าพรรคและ ส.ส. คนเดียวของพรรค ย้ายไปสังกัดพรรครวมไทยสร้างชาติ จึงมีการประกาศหัวหน้าพรรคคนใหม่พร้อมกับเปลี่ยนแปลงชื่อพรรคใหม่,2018-08-10,,,,,,,นาย คริส โปตระนันทน์,,,https://www.facebook.com/ptpthaiparty/,,false,,
รวมแผ่นดิน,16,#005B35,พรรค,,ร่วมรัฐบาล,เดิมชื่อพลังชาติไทย เป็นพรรคภายใต้การนำของพล.ต.ทรงกลด ทิพย์รัตน์ อดีตคณะทำงานของ คสช. มุ่งสนับสนุนให้ พลเอก ประยุทธ์ จันทร์โอชา เป็นนายกรัฐมนตรี ในปี 2565 ได้มีการเปลี่ยนแปลงชื่อพรรคและเลือกตั้งคณะกรรมการบริหารพรรคชุดใหม่,2018-10-31,,,,,,,พล.อ. ชัชชัย ภัทรนาวิก,นาย รณฤทธิชัย คานเขต,http://thailandtogetherparty.org/,https://www.facebook.com/Thaitogetherparty/,,true,Thailand Together Party,%E0%B8%A3%E0%B8%A7%E0%B8%A1%E0%B9%81%E0%B8%9C%E0%B9%88%E0%B8%99%E0%B8%94%E0%B8%B4%E0%B8%99.png(undefined)
พลังท้องถิ่นไท,17,#008D43,พรรค,,ร่วมรัฐบาล,พรรคภายใต้การนำของนาย ชัชวาลล์ คงอุดม 'ชัช เตาปูน' อดีต สว. ผู้มีอิทธิพลในพื้นที่ กทม. มีจุดยืนที่จะทำงานร่วมกับพรรครัฐบาลไม่ว่าจะเป็นขั้วไหน,2012-03-30,,,,,,,นาย โกวิทย์ พวงงาม,นาย ธีรศักดิ์ พานิชวิทย์,,https://www.facebook.com/ThaiLocalPowerParty,,true,Thai Local Power Party,%E0%B8%9E%E0%B8%A5%E0%B8%B1%E0%B8%87%E0%B8%97%E0%B9%89%E0%B8%AD%E0%B8%87%E0%B8%96%E0%B8%B4%E0%B9%88%E0%B8%99%E0%B9%84%E0%B8%97.jpg(https://sheets.wevis.info/download/noco/They-Work-For-Us/Parties/Images/%E0%B8%9E%E0%B8%A5%E0%B8%B1%E0%B8%87%E0%B8%97%E0%B9%89%E0%B8%AD%E0%B8%87%E0%B8%96%E0%B8%B4%E0%B9%88%E0%B8%99%E0%B9%84%E0%B8%97.jpg)
พลังธรรมใหม่,19,#FFC164,พรรค,,ร่วมรัฐบาล,เป็นการรื้อฟื้นพรรคพลังธรรม ที่ก่อตั้งโดย พล.ต.จำลอง ศรีเมือง อดีตหัวหน้าพรรคและแกนนำพันธมิตรประชาชนเพื่อประชาธิปไตย (พธม.) โดยมีอดีตสมาชิกพรรคพลังธรรมและภาคประชาชนบางส่วนร่วมจัดตั้ง ภายใต้แนวคิด United Malays National Organization (UMNO) ที่ปรับให้สอดคล้องกับไทย โดยพรรคพลังธรรมใหม่จะผนึกกำลังกับพรรคต่างๆ มาทำงานร่วมกัน,2018-09-14,,,,,,,นาย ระวี มาศฉมาดล,นาย วรินทร อุทุมพร,,https://www.facebook.com/npdthai/,,true,New Palangdharma Party,%E0%B8%9E%E0%B8%A5%E0%B8%B1%E0%B8%87%E0%B8%98%E0%B8%A3%E0%B8%A3%E0%B8%A1%E0%B9%83%E0%B8%AB%E0%B8%A1%E0%B9%88.jpg(https://sheets.wevis.info/download/noco/They-Work-For-Us/Parties/Images/%E0%B8%9E%E0%B8%A5%E0%B8%B1%E0%B8%87%E0%B8%98%E0%B8%A3%E0%B8%A3%E0%B8%A1%E0%B9%83%E0%B8%AB%E0%B8%A1%E0%B9%88.jpg)
พลังประชารัฐ,20,#2276EF,พรรค,,ร่วมรัฐบาล,เป็นการรวมกันของกลุ่มอดีตรัฐมนตรีในรัฐบาล คสช. อดีตแกนนำ กปปส. และอดีตไทยรักไทยที่แยกตัวออกมาโดยเฉพาะกลุ่มสามมิตร มุ่งสนับสนุนให้ พลเอก ประยุทธ์ จันทร์โอชา เป็นนายกรัฐมนตรี,2018-11-07,,,,,,,พลเอก ประวิตร วงษ์สุวรรณ,นาย 	สันติ พร้อมพัฒน์,https://pprp.or.th/,https://www.facebook.com/PPRPThailand/,https://twitter.com/pprpthailand,true,Palang Pracharath Party,%E0%B8%9E%E0%B8%A5%E0%B8%B1%E0%B8%87%E0%B8%9B%E0%B8%A3%E0%B8%B0%E0%B8%8A%E0%B8%B2%E0%B8%A3%E0%B8%B1%E0%B8%90.jpg(https://sheets.wevis.info/download/noco/They-Work-For-Us/Parties/Images/%E0%B8%9E%E0%B8%A5%E0%B8%B1%E0%B8%87%E0%B8%9B%E0%B8%A3%E0%B8%B0%E0%B8%8A%E0%B8%B2%E0%B8%A3%E0%B8%B1%E0%B8%90.jpg)
พลังปวงชนไทย,21,#5061DE,พรรค,,ฝ่ายค้าน,เป็นพรรคที่จัดตั้งเพื่อการเลือกตั้งปี 62 มีการเชื่อมโยงว่าเป็นพรรคสาขาของพรรคเพื่อไทย เนื่องจากคณะผู้ก่อตั้ง หัวหน้าพรรค และที่ปรึกษา มีความสนิทสนมกับ ทักษิณ ชินวัตร และพรรคเพื่อไทย,2018-10-29,,,,,,,นาย นิคม บุญวิเศษ,นาย จรินทร์ เฮียงกุล,https://plptdb.com/,https://www.facebook.com/thaipeoplepowerpartypage/,https://twitter.com/0xREjn0OHxcFkQg,true,Thai People Power Party,%E0%B8%9E%E0%B8%A5%E0%B8%B1%E0%B8%87%E0%B8%9B%E0%B8%A7%E0%B8%87%E0%B8%8A%E0%B8%99%E0%B9%84%E0%B8%97%E0%B8%A2.jpg(https://sheets.wevis.info/download/noco/They-Work-For-Us/Parties/Images/%E0%B8%9E%E0%B8%A5%E0%B8%B1%E0%B8%87%E0%B8%9B%E0%B8%A7%E0%B8%87%E0%B8%8A%E0%B8%99%E0%B9%84%E0%B8%97%E0%B8%A2.jpg)
เพื่อชาติ,22,#B1A6BF,พรรค,,ฝ่ายค้าน,เป็นพรรคที่ได้ชื่อว่าเป็นพรรคสำรองของพรรคเพื่อไทย ต่อจากพรรคเพื่อธรรม รวมถึงอีกกระแสหนึ่งเชื่อกันว่าเป็นพรรคตัวแทนของ แนวร่วมประชาธิปไตยต่อต้านเผด็จการแห่งชาติ (นปช.) เพราะมีกระแสข่าวว่าแกนนำ นปช. เป็นผู้สนับสนุน,2013-09-18,,,,,,,นางสาว ปวิศรัฐฐ์ ติยะไพรัช,รอ.ดร.จารุพล เรืองสุวรรณ,,https://www.facebook.com/PueaChatOfficial/,,true,For the Nation Party,%E0%B9%80%E0%B8%9E%E0%B8%B7%E0%B9%88%E0%B8%AD%E0%B8%8A%E0%B8%B2%E0%B8%95%E0%B8%B4.jpg(https://sheets.wevis.info/download/noco/They-Work-For-Us/Parties/Images/%E0%B9%80%E0%B8%9E%E0%B8%B7%E0%B9%88%E0%B8%AD%E0%B8%8A%E0%B8%B2%E0%B8%95%E0%B8%B4.jpg)
เพื่อไทย,23,#F41724,พรรค,,ฝ่ายค้าน,เริ่มต้นจากพรรคไทยรักไทยในอดีต ต่อมาเป็นพรรคพลังประชาชน โดยภายหลังทั้งสองพรรคตั้งต้นถูกตัดสินให้ยุบพรรค จนมาเป็นพรรคเพื่อไทยในปัจจุบัน เป็นพรรคที่ถูกรัฐประหารถึง 2 ครั้งซ้อน คือในปี 2549 ยุคไทยรักไทย และในปี 2557 ยุคเพื่อไทย,2007-09-20,,,,,,,นาย ชลน่าน ศรีแก้ว,นาย ประเสริฐ จันทรรวงทอง,https://www.ptp.or.th/,https://www.facebook.com/pheuthaiparty/,https://twitter.com/pheuthaiparty,true,Pheu Thai Party,%E0%B9%80%E0%B8%9E%E0%B8%B7%E0%B9%88%E0%B8%AD%E0%B9%84%E0%B8%97%E0%B8%A2.jpg(https://sheets.wevis.info/download/noco/They-Work-For-Us/Parties/Images/%E0%B9%80%E0%B8%9E%E0%B8%B7%E0%B9%88%E0%B8%AD%E0%B9%84%E0%B8%97%E0%B8%A2.jpg)
ภูมิใจไทย,24,#2C3487,พรรค,,ร่วมรัฐบาล,เป็นการรวมตัวของกลุ่มไทยรักไทยเก่าที่แยกตัวออกมา กลุ่มพลังประชาชน และกลุ่มเพื่อนเนวิน มีฐานเสียงหนาแน่นในพื้นที่อีสานใต้ มีจุดยืนที่พร้อมจะร่วมรัฐบาลกับทุกขั้ว,2008-11-05,,,,,,,นาย อนุทิน ชาญวีรกูล,นาย ศักดิ์สยาม ชิดชอบ,https://www.bhumjaithai.com/,https://www.facebook.com/bhumjaithaiparty,https://twitter.com/khonbhumjaithai,true,Bhumjaithai Party,%E0%B8%A0%E0%B8%B9%E0%B8%A1%E0%B8%B4%E0%B9%83%E0%B8%88%E0%B9%84%E0%B8%97%E0%B8%A2.jpg(https://sheets.wevis.info/download/noco/They-Work-For-Us/Parties/Images/%E0%B8%A0%E0%B8%B9%E0%B8%A1%E0%B8%B4%E0%B9%83%E0%B8%88%E0%B9%84%E0%B8%97%E0%B8%A2.jpg)
เศรษฐกิจใหม่,27,#B096F9,พรรค,,ร่วมรัฐบาล,พรรคที่เกิดขึ้นจากความต้องการแก้ปัญหาปากท้องของประชาชน เพราะเป็นช่วงเศรษฐกิจของชนชั้นกลางลงมาย่ำแย่ ระบุจุดยืนประชาธิปไตย เน้นเศรษฐกิจ ไม่เน้นขัดแย้ง,2018-11-08,,,,,,,นาย มนูญ สิวาภิรมย์รัตน์,นาย 	มนตรี สันติไชยกุล,,https://www.facebook.com/NEPThailand/,https://www.twitter.com/NewEconomicsTH,true,New Economics Party,%E0%B9%80%E0%B8%A8%E0%B8%A3%E0%B8%A9%E0%B8%90%E0%B8%81%E0%B8%B4%E0%B8%88%E0%B9%83%E0%B8%AB%E0%B8%A1%E0%B9%88.jpg(https://sheets.wevis.info/download/noco/They-Work-For-Us/Parties/Images/%E0%B9%80%E0%B8%A8%E0%B8%A3%E0%B8%A9%E0%B8%90%E0%B8%81%E0%B8%B4%E0%B8%88%E0%B9%83%E0%B8%AB%E0%B8%A1%E0%B9%88.jpg)
เสรีรวมไทย,28,#FFEA2E,พรรค,,ฝ่ายค้าน,พรรคภายใต้การนำของ พล.ต.อ. เสรีพิศุทธ์ เตมียาเวส อดีตผู้บัญชาการตำรวจแห่งชาติ ประกาศจุดยืนไม่เห็นด้วยกับรัฐประหาร สนับสนุนการปฏิรูปกองทัพ และต่อต้านเผด็จการอย่างชัดเจน,2013-08-29,,,,,,,พล.ต.อ. เสรีพิศุทธ์ เตมียเวส,นาย วัชรา ณ วังขนาย,https://sereeruamthai.or.th,https://www.facebook.com/sereeruamthai/,https://twitter.com/sereeruamthai,true,Thai Liberal Party,%E0%B9%80%E0%B8%AA%E0%B8%A3%E0%B8%B5%E0%B8%A3%E0%B8%A7%E0%B8%A1%E0%B9%84%E0%B8%97%E0%B8%A2.jpg(https://sheets.wevis.info/download/noco/They-Work-For-Us/Parties/Images/%E0%B9%80%E0%B8%AA%E0%B8%A3%E0%B8%B5%E0%B8%A3%E0%B8%A7%E0%B8%A1%E0%B9%84%E0%B8%97%E0%B8%A2.jpg)
อนาคตใหม่,29,#FF711E,พรรค,,ฝ่ายค้าน,จัดตั้งขึ้นเพื่อมุ่งสร้างการเมืองแบบใหม่ สนับสนุนประชาธิปไตย และต้องการยุติวงจรอุบาทว์ของรัฐประหาร พร้อมประกาศชัดเจนว่าจะคัดค้านอิทธิพลของกองทัพในการเมือง,2018-10-03,2020-02-21,,,,,,นาย ธนาธร จึงรุ่งเรืองกิจ,นาย ปิยบุตร แสงกนกกุล,https://futureforwardparty.org,https://www.facebook.com/FWPthailand/,https://twitter.com/FWPthailand,false,Future Forward Party,%E0%B8%AD%E0%B8%99%E0%B8%B2%E0%B8%84%E0%B8%95%E0%B9%83%E0%B8%AB%E0%B8%A1%E0%B9%88.jpg(https://sheets.wevis.info/download/noco/They-Work-For-Us/Parties/Images/%E0%B8%AD%E0%B8%99%E0%B8%B2%E0%B8%84%E0%B8%95%E0%B9%83%E0%B8%AB%E0%B8%A1%E0%B9%88.jpg)
ประชาชนปฏิรูป,30,#019595,พรรค,,ร่วมรัฐบาล,พรรคภายใต้การนำของนายไพบูลย์ นิติตะวัน ได้รับเลือก ส.ส. บัญชีรายชื่อ 1 คน ต่อมานายไพบูลย์ ได้ยื่นเรื่องขอเลิกกิจการพรรค และย้ายไปสังกัดพรรคพลังประชารัฐ,2018-10-03,2019-09-06,,,,,,นาย ไพบูลย์ นิติตะวัน,,https://www.pprparty.com/,,,false,People Reform Party,%E0%B8%9B%E0%B8%A3%E0%B8%B0%E0%B8%8A%E0%B8%B2%E0%B8%8A%E0%B8%99%E0%B8%9B%E0%B8%8F%E0%B8%B4%E0%B8%A3%E0%B8%B9%E0%B8%9B.jpg(https://sheets.wevis.info/download/noco/They-Work-For-Us/Parties/Images/%E0%B8%9B%E0%B8%A3%E0%B8%B0%E0%B8%8A%E0%B8%B2%E0%B8%8A%E0%B8%99%E0%B8%9B%E0%B8%8F%E0%B8%B4%E0%B8%A3%E0%B8%B9%E0%B8%9B.jpg)
ก้าวไกล,31,#FF711E,พรรค,,ฝ่ายค้าน,เดิมคือพรรคร่วมพัฒนาชาติไทย ต่อมาปี 2562 ได้เปลี่ยนชื่อเป็น พรรคผึ้งหลวง และเปลี่ยนมาใช้ชื่อปัจจุบันในเดือนมกราคม 2563 รับอดีต ส.ส. สมาชิกพรรคอนาคตใหม่ที่ถูกศาลรัฐธรรมนูญสั่งยุบพรรค ประกาศจุดยืนยึดมั่นประชาธิปไตย ต่อต้านการรัฐประหาร และผลักดันนโยบายที่ก้าวหน้า,2020-01-19,,,,,,,นาย พิธา ลิ้มเจริญรัตน์,นาย ชัยธวัช ตุลาธน,https://moveforwardparty.org/,https://www.facebook.com/MoveForwardPartyThailand/,https://twitter.com/MFPThailand,true,Move Forward Party,%E0%B8%81%E0%B9%89%E0%B8%B2%E0%B8%A7%E0%B9%84%E0%B8%81%E0%B8%A5.jpg(https://sheets.wevis.info/download/noco/They-Work-For-Us/Parties/Images/%E0%B8%81%E0%B9%89%E0%B8%B2%E0%B8%A7%E0%B9%84%E0%B8%81%E0%B8%A5.jpg)
เศรษฐกิจไทย,32,#CA4F4F,พรรค,,ร่วมรัฐบาล,พรรคใหม่ที่ ร.อ.ธรรมนัส พรหมเผ่า นำ ส.ส. ย้ายไปสังกัด หลังถูกมติพรรคพลังประชารัฐขับออก,2020-04-07,,,,,,,นาย เชวงศักดิ์ ใจคำ,นาย 	สัจจวิทย์ ลีลาวณิชย์,,https://www.facebook.com/wealthofthai,,true,Thai Economic Party,%E0%B9%80%E0%B8%A8%E0%B8%A3%E0%B8%A9%E0%B8%90%E0%B8%81%E0%B8%B4%E0%B8%88%E0%B9%84%E0%B8%97%E0%B8%A2.jpg(https://sheets.wevis.info/download/noco/They-Work-For-Us/Parties/Images/%E0%B9%80%E0%B8%A8%E0%B8%A3%E0%B8%A9%E0%B8%90%E0%B8%81%E0%B8%B4%E0%B8%88%E0%B9%84%E0%B8%97%E0%B8%A2.jpg)
เพื่อชาติไทย,33,#0D8080,พรรค,,ร่วมรัฐบาล,เคยจดทะเบียนในชื่อพรรคพลังไทยรักไทย หลังการเลือกตั้ง 62 ได้เข้าร่วมรัฐบาลภายใต้การนำของพรรคพลังประชารัฐ และสนับสนุนพลเอก ประยุทธ์ จันทร์โอชา เป็นนายกรัฐมนตรี,2018-10-30,,,,,,,นาย คฑาเทพ เตชะเดชเรืองกุล,นาย ทองจันทร์ จันทร์เต,,https://www.facebook.com/pheuchartthai,,true,Pheu Chart Thai Party,%E0%B9%80%E0%B8%9E%E0%B8%B7%E0%B9%88%E0%B8%AD%E0%B8%8A%E0%B8%B2%E0%B8%95%E0%B8%B4%E0%B9%84%E0%B8%97%E0%B8%A2.jpg(https://sheets.wevis.info/download/noco/They-Work-For-Us/Parties/Images/%E0%B9%80%E0%B8%9E%E0%B8%B7%E0%B9%88%E0%B8%AD%E0%B8%8A%E0%B8%B2%E0%B8%95%E0%B8%B4%E0%B9%84%E0%B8%97%E0%B8%A2.jpg)
ชาติพัฒนากล้า,34,#FBB514,พรรค,,ร่วมรัฐบาล,พรรคชาติพัฒนากล้า หรือในชื่อเดิมว่า รวมชาติพัฒนา และ รวมใจไทยชาติพัฒนา ชาติพัฒนาเพื่อแผ่นดิน และ ชาติพัฒนา เป็นพรรคการเมืองที่ก่อตั้งขึ้นในปี พ.ศ. 2550 โดยสมาชิกส่วนใหญ่เป็นสมาชิกจากพรรคการเมืองที่เคยมีอยู่แล้ว จัดตั้งเป็นพรรคการเมืองโดยรวม กลุ่มรวมใจไทย เข้ากับ พรรคชาติพัฒนา และมารวมกับพรรคกล้า ของนายกรณ์ จาติกวณิช เมื่อวันที่ 26 กันยายน พ.ศ. 2565,2007-10-03,,,,,,,นาย กรณ์ จาติกวณิช,นาย เทวัญ ลิปตพัลลภ,,https://www.facebook.com/ChartpattanaParty/,https://twitter.com/ChartpattanaKLA,true,Chart Pattana Kla Party,%E0%B8%8A%E0%B8%B2%E0%B8%95%E0%B8%B4%E0%B8%9E%E0%B8%B1%E0%B8%92%E0%B8%99%E0%B8%B2%E0%B8%81%E0%B8%A5%E0%B9%89%E0%B8%B2.png(undefined)
รักษ์ผืนป่าประเทศไทย,35,#789947,พรรค,,ร่วมรัฐบาล,เดิมชื่อว่า พรรครักษ์ผืนป่าประเทศไทย และ พรรคทวงคืนผืนป่าประเทศไทย พรรคการเมืองที่ก่อตั้งตามรัฐธรรมนูญแห่งราชอาณาจักรไทย พุทธศักราช 2550 เมื่อวันที่ 12 ธันวาคม 2555 มีนาย ดำรงค์ พิเดช อดีตอธิบดี กรมอุทยานแห่งชาติ สัตว์ป่า และพันธุ์พืช เป็นหัวหน้าพรรคและนายธิติ กนกทวีฐากร เป็นรองหัวหน้าพรรค,2013-01-09,,,,,,,,ปอยหลวง โคนทรงแสน,,,,true,Thai Forest Conservation Party,%E0%B8%A3%E0%B8%B1%E0%B8%81%E0%B8%A9%E0%B9%8C%E0%B8%9C%E0%B8%B7%E0%B8%99%E0%B8%9B%E0%B9%88%E0%B8%B2%E0%B8%9B%E0%B8%A3%E0%B8%B0%E0%B9%80%E0%B8%97%E0%B8%A8%E0%B9%84%E0%B8%97%E0%B8%A2.jpg(https://sheets.wevis.info/download/noco/They-Work-For-Us/Parties/Images/%E0%B8%A3%E0%B8%B1%E0%B8%81%E0%B8%A9%E0%B9%8C%E0%B8%9C%E0%B8%B7%E0%B8%99%E0%B8%9B%E0%B9%88%E0%B8%B2%E0%B8%9B%E0%B8%A3%E0%B8%B0%E0%B9%80%E0%B8%97%E0%B8%A8%E0%B9%84%E0%B8%97%E0%B8%A2.jpg)
รวมพลัง,36,#581981,พรรค,,ร่วมรัฐบาล,เดิมชื่อพรรครวมพลังประชาชาติไทย เป็นพรรคการเมืองในประเทศไทย ที่จดทะเบียนก่อตั้งในปี พ.ศ. 2561 ก่อตั้งขึ้นโดยแนวร่วม กปปส. สุเทพ เทือกสุบรรณ และ เอนก เหล่าธรรมทัศน์ โดยได้เปลี่ยนชื่อเป็นพรรครวมพลังเมื่อวันที่ 24 เมษายน พ.ศ. 2565 รวมถึงตราโลโก้พรรครูปพญานาค,2019-05-25,,,,,,,ดร.ดนุช ตันเทอดทิตย์,ดร.สุเนตตา แซ่โก๊ะ,https://act-party.org/,https://www.facebook.com/actpartyorg,https://twitter.com/actpartyorg,true,Action Coalition for Thailand,%E0%B8%A3%E0%B8%A7%E0%B8%A1%E0%B8%9E%E0%B8%A5%E0%B8%B1%E0%B8%87.png(undefined)
รวมไทยสร้างชาติ,37,#1445C3,พรรค,,ร่วมรัฐบาล,เป็นพรรคการเมืองไทยที่จดทะเบียนในปี พ.ศ. 2564 โดยมีพีระพันธุ์ สาลีรัฐวิภาค เป็นหัวหน้าพรรคคนปัจจุบัน ต่อมาในช่วงปลายปี พ.ศ. 2565 พลเอกประยุทธ์ จันทร์โอชา ได้ตัดสินใจเข้าร่วมกิจกรรมทางการเมืองกับพรรค และสมัครเป็นสมาชิกพรรคเมื่อวันที่ 9 มกราคม พ.ศ. 2566,2021-03-31,,,,,,,พีระพันธุ์ สาลีรัฐวิภาค,นายเอกนัฐ พร้อมพันธุ์,https://unitedthaination.or.th/,https://www.facebook.com/unitedthaination/,https://twitter.com/utn_official,true,United Thai Nation Party,%E0%B8%A3%E0%B8%A7%E0%B8%A1%E0%B9%84%E0%B8%97%E0%B8%A2%E0%B8%AA%E0%B8%A3%E0%B9%89%E0%B8%B2%E0%B8%87%E0%B8%8A%E0%B8%B2%E0%B8%95%E0%B8%B4.png(undefined)
ไทยสร้างไทย,39,#7856EC,พรรค,,,,,,,,,,,,,,,,false,,%E0%B9%84%E0%B8%97%E0%B8%A2%E0%B8%AA%E0%B8%A3%E0%B9%89%E0%B8%B2%E0%B8%87%E0%B9%84%E0%B8%97%E0%B8%A2.png(undefined)
ไทยภักดี,41,#FFF177,พรรค,,,,2021-08-24,,,,,,,,,,,,false,,%E0%B9%84%E0%B8%97%E0%B8%A2%E0%B8%A0%E0%B8%B1%E0%B8%81%E0%B8%94%E0%B8%B5.png(undefined)
ความหวังใหม่,42,#CCD8DD,พรรค,,,,,,,,,,,,,,,,false,,%E0%B8%84%E0%B8%A7%E0%B8%B2%E0%B8%A1%E0%B8%AB%E0%B8%A7%E0%B8%B1%E0%B8%87%E0%B9%83%E0%B8%AB%E0%B8%A1%E0%B9%88.jpg(https://sheets.wevis.info/download/noco/They-Work-For-Us/Parties/Images/%E0%B8%84%E0%B8%A7%E0%B8%B2%E0%B8%A1%E0%B8%AB%E0%B8%A7%E0%B8%B1%E0%B8%87%E0%B9%83%E0%B8%AB%E0%B8%A1%E0%B9%88.jpg)
ประชากรไทย,43,#065AFC,พรรค,,,,,,,,,,,,,,,,false,,%E0%B8%9B%E0%B8%A3%E0%B8%B0%E0%B8%8A%E0%B8%B2%E0%B8%81%E0%B8%A3%E0%B9%84%E0%B8%97%E0%B8%A2.jpg(https://sheets.wevis.info/download/noco/They-Work-For-Us/Parties/Images/%E0%B8%9B%E0%B8%A3%E0%B8%B0%E0%B8%8A%E0%B8%B2%E0%B8%81%E0%B8%A3%E0%B9%84%E0%B8%97%E0%B8%A2.jpg)
เครือข่ายชาวนาแห่งประเทศไทย,44,#CCD8DD,พรรค,,,,,,,,,,,,,,,,false,,%E0%B9%80%E0%B8%84%E0%B8%A3%E0%B8%B7%E0%B8%AD%E0%B8%82%E0%B9%88%E0%B8%B2%E0%B8%A2%E0%B8%8A%E0%B8%B2%E0%B8%A7%E0%B8%99%E0%B8%B2%E0%B9%81%E0%B8%AB%E0%B9%88%E0%B8%87%E0%B8%9B%E0%B8%A3%E0%B8%B0%E0%B9%80%E0%B8%97%E0%B8%A8%E0%B9%84%E0%B8%97%E0%B8%A2.jpg(https://sheets.wevis.info/download/noco/They-Work-For-Us/Parties/Images/%E0%B9%80%E0%B8%84%E0%B8%A3%E0%B8%B7%E0%B8%AD%E0%B8%82%E0%B9%88%E0%B8%B2%E0%B8%A2%E0%B8%8A%E0%B8%B2%E0%B8%A7%E0%B8%99%E0%B8%B2%E0%B9%81%E0%B8%AB%E0%B9%88%E0%B8%87%E0%B8%9B%E0%B8%A3%E0%B8%B0%E0%B9%80%E0%B8%97%E0%B8%A8%E0%B9%84%E0%B8%97%E0%B8%A2.jpg)
เพื่อแผ่นดิน,45,#CCD8DD,พรรค,,,,,,,,,,,,,,,,false,,%E0%B9%80%E0%B8%9E%E0%B8%B7%E0%B9%88%E0%B8%AD%E0%B9%81%E0%B8%9C%E0%B9%88%E0%B8%99%E0%B8%94%E0%B8%B4%E0%B8%99.jpg(https://sheets.wevis.info/download/noco/They-Work-For-Us/Parties/Images/%E0%B9%80%E0%B8%9E%E0%B8%B7%E0%B9%88%E0%B8%AD%E0%B9%81%E0%B8%9C%E0%B9%88%E0%B8%99%E0%B8%94%E0%B8%B4%E0%B8%99.jpg)
อนาคตไทย,46,#CCD8DD,พรรค,,,,,,,,,,,,,,,,false,,%E0%B8%AD%E0%B8%99%E0%B8%B2%E0%B8%84%E0%B8%95%E0%B9%84%E0%B8%97%E0%B8%A2.jpg(https://sheets.wevis.info/download/noco/They-Work-For-Us/Parties/Images/%E0%B8%AD%E0%B8%99%E0%B8%B2%E0%B8%84%E0%B8%95%E0%B9%84%E0%B8%97%E0%B8%A2.jpg)
สังคมประชาธิปไตยไทย,47,#CCD8DD,พรรค,,,,,,,,,,,,,,,,false,,%E0%B8%AA%E0%B8%B1%E0%B8%87%E0%B8%84%E0%B8%A1%E0%B8%9B%E0%B8%A3%E0%B8%B0%E0%B8%8A%E0%B8%B2%E0%B8%98%E0%B8%B4%E0%B8%9B%E0%B9%84%E0%B8%95%E0%B8%A2%E0%B9%84%E0%B8%97%E0%B8%A2.jpg(https://sheets.wevis.info/download/noco/They-Work-For-Us/Parties/Images/%E0%B8%AA%E0%B8%B1%E0%B8%87%E0%B8%84%E0%B8%A1%E0%B8%9B%E0%B8%A3%E0%B8%B0%E0%B8%8A%E0%B8%B2%E0%B8%98%E0%B8%B4%E0%B8%9B%E0%B9%84%E0%B8%95%E0%B8%A2%E0%B9%84%E0%B8%97%E0%B8%A2.jpg)
ประชาสามัคคี,48,#CCD8DD,พรรค,,,,,,,,,,,,,,,,false,,%E0%B8%9B%E0%B8%A3%E0%B8%B0%E0%B8%8A%E0%B8%B2%E0%B8%AA%E0%B8%B2%E0%B8%A1%E0%B8%B1%E0%B8%84%E0%B8%84%E0%B8%B5.png(undefined)
พลังบูรพา,49,#CCD8DD,พรรค,,,เดิมชื่อพรรคพลังชน,,,,,,,,,,,,,false,,
พลังสหกรณ์,50,#CCD8DD,พรรค,,,,,,,,,,,,,,,,false,,%E0%B8%9E%E0%B8%A5%E0%B8%B1%E0%B8%87%E0%B8%AA%E0%B8%AB%E0%B8%81%E0%B8%A3%E0%B8%93%E0%B9%8C.jpg(https://sheets.wevis.info/download/noco/They-Work-For-Us/Parties/Images/%E0%B8%9E%E0%B8%A5%E0%B8%B1%E0%B8%87%E0%B8%AA%E0%B8%AB%E0%B8%81%E0%B8%A3%E0%B8%93%E0%B9%8C.jpg)
ถิ่นกาขาวชาววิไล,51,#CCD8DD,พรรค,,,,,,,,,,,,,,,,false,,%E0%B8%96%E0%B8%B4%E0%B9%88%E0%B8%99%E0%B8%81%E0%B8%B2%E0%B8%82%E0%B8%B2%E0%B8%A7%E0%B8%8A%E0%B8%B2%E0%B8%A7%E0%B8%A7%E0%B8%B4%E0%B9%84%E0%B8%A5.jpg(https://sheets.wevis.info/download/noco/They-Work-For-Us/Parties/Images/%E0%B8%96%E0%B8%B4%E0%B9%88%E0%B8%99%E0%B8%81%E0%B8%B2%E0%B8%82%E0%B8%B2%E0%B8%A7%E0%B8%8A%E0%B8%B2%E0%B8%A7%E0%B8%A7%E0%B8%B4%E0%B9%84%E0%B8%A5.jpg)
รักษ์ธรรม,52,#CCD8DD,พรรค,,,,,,,,,,,,,,,,false,,%E0%B8%A3%E0%B8%B1%E0%B8%81%E0%B8%A9%E0%B9%8C%E0%B8%98%E0%B8%A3%E0%B8%A3%E0%B8%A1.jpg(https://sheets.wevis.info/download/noco/They-Work-For-Us/Parties/Images/%E0%B8%A3%E0%B8%B1%E0%B8%81%E0%B8%A9%E0%B9%8C%E0%B8%98%E0%B8%A3%E0%B8%A3%E0%B8%A1.jpg)
พลังประชาธิปไตย,53,#CCD8DD,พรรค,,,,,,,,,,,,,,,,false,,%E0%B8%9E%E0%B8%A5%E0%B8%B1%E0%B8%87%E0%B8%9B%E0%B8%A3%E0%B8%B0%E0%B8%8A%E0%B8%B2%E0%B8%98%E0%B8%B4%E0%B8%9B%E0%B9%84%E0%B8%95%E0%B8%A2.jpg(https://sheets.wevis.info/download/noco/They-Work-For-Us/Parties/Images/%E0%B8%9E%E0%B8%A5%E0%B8%B1%E0%B8%87%E0%B8%9B%E0%B8%A3%E0%B8%B0%E0%B8%8A%E0%B8%B2%E0%B8%98%E0%B8%B4%E0%B8%9B%E0%B9%84%E0%B8%95%E0%B8%A2.jpg)
ภราดรภาพ,54,#CCD8DD,พรรค,,,,,,,,,,,,,,,,false,,%E0%B8%A0%E0%B8%A3%E0%B8%B2%E0%B8%94%E0%B8%A3%E0%B8%A0%E0%B8%B2%E0%B8%9E.jpg(https://sheets.wevis.info/download/noco/They-Work-For-Us/Parties/Images/%E0%B8%A0%E0%B8%A3%E0%B8%B2%E0%B8%94%E0%B8%A3%E0%B8%A0%E0%B8%B2%E0%B8%9E.jpg)
พลังไทยรักชาติ,55,#CCD8DD,พรรค,,,,,,,,,,,,,,,,false,,%E0%B8%9E%E0%B8%A5%E0%B8%B1%E0%B8%87%E0%B9%84%E0%B8%97%E0%B8%A2%E0%B8%A3%E0%B8%B1%E0%B8%81%E0%B8%8A%E0%B8%B2%E0%B8%95%E0%B8%B4.jpg(https://sheets.wevis.info/download/noco/They-Work-For-Us/Parties/Images/%E0%B8%9E%E0%B8%A5%E0%B8%B1%E0%B8%87%E0%B9%84%E0%B8%97%E0%B8%A2%E0%B8%A3%E0%B8%B1%E0%B8%81%E0%B8%8A%E0%B8%B2%E0%B8%95%E0%B8%B4.jpg)
ช่วยชาติ,56,#CCD8DD,พรรค,,,เดิมชื่อพรรคเพื่อชีวิตใหม่,,,,,,,,,,,,,false,,
ทางเลือกใหม่,57,,พรรค,,,,,,,,,,,,,,,,false,,%E0%B8%97%E0%B8%B2%E0%B8%87%E0%B9%80%E0%B8%A5%E0%B8%B7%E0%B8%AD%E0%B8%81%E0%B9%83%E0%B8%AB%E0%B8%A1%E0%B9%88.jpg(https://sheets.wevis.info/download/noco/They-Work-For-Us/Parties/Images/%E0%B8%97%E0%B8%B2%E0%B8%87%E0%B9%80%E0%B8%A5%E0%B8%B7%E0%B8%AD%E0%B8%81%E0%B9%83%E0%B8%AB%E0%B8%A1%E0%B9%88.jpg)
พลเมืองไทย,58,,พรรค,,,,,,,,,,,,,,,,false,,%E0%B8%9E%E0%B8%A5%E0%B9%80%E0%B8%A1%E0%B8%B7%E0%B8%AD%E0%B8%87%E0%B9%84%E0%B8%97%E0%B8%A2.jpg(https://sheets.wevis.info/download/noco/They-Work-For-Us/Parties/Images/%E0%B8%9E%E0%B8%A5%E0%B9%80%E0%B8%A1%E0%B8%B7%E0%B8%AD%E0%B8%87%E0%B9%84%E0%B8%97%E0%B8%A2.jpg)
สร้างอนาคตไทย,59,,พรรค,,,,,,,,,,,,,,,,false,,
ไทยธรรม,64,,พรรค,,,,,,,,,,,,,,,,false,,%E0%B9%84%E0%B8%97%E0%B8%A2%E0%B8%98%E0%B8%A3%E0%B8%A3%E0%B8%A1.jpg(https://sheets.wevis.info/download/noco/They-Work-For-Us/Parties/Images/%E0%B9%84%E0%B8%97%E0%B8%A2%E0%B8%98%E0%B8%A3%E0%B8%A3%E0%B8%A1.jpg)
พลังไทรุ่งเรือง,65,,พรรค,,,เดิมชื่อสยามพัฒนา,,,,,,,,,,,,,false,,
ไทยพร้อม,66,,พรรค,,,เดิมชื่อไทยพัฒนา,,,,,,,,,,,,,false,,
เพื่อราษฎร,67,,พรรค,,,เดิมชื่อพรรคสุจริตชน,,,,,,,,,,,,,false,,
แผ่นดินธรรรม,68,,พรรค,,,,,,,,,,,,,,,,false,,
คลองไทย,69,,พรรค,,,,,,,,,,,,,,,,false,,%E0%B8%84%E0%B8%A5%E0%B8%AD%E0%B8%87%E0%B9%84%E0%B8%97%E0%B8%A2.jpg(https://sheets.wevis.info/download/noco/They-Work-For-Us/Parties/Images/%E0%B8%84%E0%B8%A5%E0%B8%AD%E0%B8%87%E0%B9%84%E0%B8%97%E0%B8%A2.jpg)
พลังสังคม,70,,พรรค,,,,,,,,,,,,,,,,false,,%E0%B8%9E%E0%B8%A5%E0%B8%B1%E0%B8%87%E0%B8%AA%E0%B8%B1%E0%B8%87%E0%B8%84%E0%B8%A1.jpg(https://sheets.wevis.info/download/noco/They-Work-For-Us/Parties/Images/%E0%B8%9E%E0%B8%A5%E0%B8%B1%E0%B8%87%E0%B8%AA%E0%B8%B1%E0%B8%87%E0%B8%84%E0%B8%A1.jpg)
พลังศรัทธา,71,,พรรค,,,,,,,,,,,,,,,,false,,%E0%B8%9E%E0%B8%A5%E0%B8%B1%E0%B8%87%E0%B8%A8%E0%B8%A3%E0%B8%B1%E0%B8%97%E0%B8%98%E0%B8%B2.jpg(https://sheets.wevis.info/download/noco/They-Work-For-Us/Parties/Images/%E0%B8%9E%E0%B8%A5%E0%B8%B1%E0%B8%87%E0%B8%A8%E0%B8%A3%E0%B8%B1%E0%B8%97%E0%B8%98%E0%B8%B2.jpg)
เป็นธรรม,72,,พรรค,,,เดิมชื่อพรรคกลาง,,,,,,,,,,,,,false,,
พลังเพื่อไทย,73,,พรรค,,,,,,,,,,,,,,,,false,,
ประชาไทย,74,,พรรค,,,,,,,,,,,,,,,,false,,%E0%B8%9B%E0%B8%A3%E0%B8%B0%E0%B8%8A%E0%B8%B2%E0%B9%84%E0%B8%97%E0%B8%A2.jpg(https://sheets.wevis.info/download/noco/They-Work-For-Us/Parties/Images/%E0%B8%9B%E0%B8%A3%E0%B8%B0%E0%B8%8A%E0%B8%B2%E0%B9%84%E0%B8%97%E0%B8%A2.jpg)
กรีน,75,,พรรค,,,,,,,,,,,,,,,,false,,%E0%B8%81%E0%B8%A3%E0%B8%B5%E0%B8%99.jpg(https://sheets.wevis.info/download/noco/They-Work-For-Us/Parties/Images/%E0%B8%81%E0%B8%A3%E0%B8%B5%E0%B8%99.jpg)
สามัญชน,76,,พรรค,,,,,,,,,,,,,,,,false,,%E0%B8%AA%E0%B8%B2%E0%B8%A1%E0%B8%B1%E0%B8%8D%E0%B8%8A%E0%B8%99.jpg(https://sheets.wevis.info/download/noco/They-Work-For-Us/Parties/Images/%E0%B8%AA%E0%B8%B2%E0%B8%A1%E0%B8%B1%E0%B8%8D%E0%B8%8A%E0%B8%99.jpg)
ภาคีเครือข่ายไทย,77,,พรรค,,,,,,,,,,,,,,,,false,,%E0%B8%A0%E0%B8%B2%E0%B8%84%E0%B8%B5%E0%B9%80%E0%B8%84%E0%B8%A3%E0%B8%B7%E0%B8%AD%E0%B8%82%E0%B9%88%E0%B8%B2%E0%B8%A2%E0%B9%84%E0%B8%97%E0%B8%A2.jpg(https://sheets.wevis.info/download/noco/They-Work-For-Us/Parties/Images/%E0%B8%A0%E0%B8%B2%E0%B8%84%E0%B8%B5%E0%B9%80%E0%B8%84%E0%B8%A3%E0%B8%B7%E0%B8%AD%E0%B8%82%E0%B9%88%E0%B8%B2%E0%B8%A2%E0%B9%84%E0%B8%97%E0%B8%A2.jpg)
รวมไทยยูไนเต็ด,78,,พรรค,,,เดิมชื่อพรรคเพื่อไทยพัฒนา,,,,,,,,,,,,,false,,
คนงานไทย,79,#E43B6E,พรรค,,,,,,,,,,,,,,,,false,,%E0%B8%84%E0%B8%99%E0%B8%87%E0%B8%B2%E0%B8%99%E0%B9%84%E0%B8%97%E0%B8%A2.jpg(https://sheets.wevis.info/download/noco/They-Work-For-Us/Parties/Images/%E0%B8%84%E0%B8%99%E0%B8%87%E0%B8%B2%E0%B8%99%E0%B9%84%E0%B8%97%E0%B8%A2.jpg)
สร้างชาติ,80,,พรรค,,,,,,,,,,,,,,,,false,,
เพื่ออนาคตไทย,81,,พรรค,,,,,,,,,,,,,,,,false,,
เส้นทางใหม่,82,,พรรค,,,,,,,,,,,,,,,,false,,
ไทยรวมไทย,83,,พรรค,,,เดิมชื่อพรรคไทยชอบธรรม,,,,,,,,,,,,,false,,
กล้า,84,#FBB514,พรรค,,,,,,,,,,,,,,,,false,,
ยุทธศาสตร์ชาติ,85,,พรรค,,,,,,,,,,,,,,,,false,,
พลังสังคมใหม่,86,,พรรค,,,,,,,,,,,,,,,,false,,
มิติใหม่,87,,พรรค,,,,,,,,,,,,,,,,false,,
ไทยสมาร์ท,88,,พรรค,,,เดิมชื่อมวลชนสยาม,,,,,,,,,,,,,false,,
เพื่อประชาชน,89,,พรรค,,,,,,,,,,,,,,,,false,,
พลังสยาม,90,,พรรค,,,,,,,,,,,,,,,,false,,
แนวทางใหม่,91,,พรรค,,,,,,,,,,,,,,,,false,,
เสมอภาค,92,,พรรค,,,,,,,,,,,,,,,,false,,
ไทยชนะ,93,,พรรค,,,,,,,,,,,,,,,,false,,
เพื่อไทรวมพลัง,94,,พรรค,,,,,,,,,,,,,,,,false,,
ไทยสร้างสรรค์,95,,พรรค,,,,,,,,,,,,,,,,false,,
ราษฎร์วิถี,96,,พรรค,,,เดิมชื่อเทิดไท,,,,,,,,,,,,,false,,
ไทยเป็นหนึ่ง,97,,พรรค,,,,,,,,,,,,,,,,false,,
ท้องที่ไทย,98,,พรรค,,,,,,,,,,,,,,,,false,,
เปลี่ยนอนาคต,99,,พรรค,,,,,,,,,,,,,,,,false,,
ใหม่,100,,พรรค,,,,,,,,,,,,,,,,false,,
แรงงานสร้างชาติ,101,,พรรค,,,,,,,,,,,,,,,,false,,
ไทยก้าวหน้า,102,,พรรค,,,,,,,,,,,,,,,,false,,
พลัง,103,,พรรค,,,,,,,,,,,,,,,,false,,
สยามพล,104,,พรรค,,,,,,,,,,,,,,,,false,,
ชาติรุ่งเรือง,105,,พรรค,,,,,,,,,,,,,,,,false,,
รวมใจไทย,106,,พรรค,,,,,,,,,,,,,,,,false,,%E0%B8%A3%E0%B8%A7%E0%B8%A1%E0%B9%83%E0%B8%88%E0%B9%84%E0%B8%97%E0%B8%A2.jpg(https://sheets.wevis.info/download/noco/They-Work-For-Us/Parties/Images/%E0%B8%A3%E0%B8%A7%E0%B8%A1%E0%B9%83%E0%B8%88%E0%B9%84%E0%B8%97%E0%B8%A2.jpg)
สัมมาธิปไตย,107,,พรรค,,,,,,,,,,,,,,,,false,,
เปลี่ยน,108,,,,,,,,,,,,,,,,,,false,,